population_group_id,population_group_name,measure_id,measure_name,location_id,location_name,sex_id,sex_name,age_id,age_name,cause_id,cause_name,metric_id,metric_name,year,val,upper,lower
1,All Population,1,Deaths,1,Global,3,Both,22,All ages,298,HIV/AIDS,1,Number,1980,16631.799044943375,19941.686276961696,14289.224058801241
1,All Population,1,Deaths,1,Global,3,Both,22,All ages,298,HIV/AIDS,2,Percent,1980,0.0003617067171383273,0.0004325677898818271,0.00031126529585078286
1,All Population,1,Deaths,1,Global,3,Both,22,All ages,322,Influenza,1,Number,1980,3178213.2278480977,3715304.185026179,2770073.8375791293
1,All Population,1,Deaths,1,Global,3,Both,22,All ages,322,Influenza,2,Percent,1980,0.06911866414425948,0.08073859653585394,0.060444450567008
1,All Population,1,Deaths,1,Global,3,Both,22,All ages,341,Measles,1,Number,1980,1385731.2458372044,2338736.641460719,642922.3655301754
1,All Population,1,Deaths,1,Global,3,Both,22,All ages,341,Measles,2,Percent,1980,0.03013941165680635,0.05104218536891789,0.014050305407448574
1,All Population,1,Deaths,1,Global,3,Both,22,All ages,357,Dengue,1,Number,1980,15967.699751564527,40435.9123751026,5282.199661940693
1,All Population,1,Deaths,1,Global,3,Both,22,All ages,357,Dengue,2,Percent,1980,0.00034721396222207445,0.0008782808510351714,0.00011497618288736044
1,All Population,1,Deaths,1,Global,3,Both,22,All ages,345,Malaria,1,Number,1980,680159.8646191387,1219889.4295078772,363257.25552054384
1,All Population,1,Deaths,1,Global,3,Both,22,All ages,345,Malaria,2,Percent,1980,0.014793744071070805,0.02662137211363293,0.007903337449861023
1,All Population,1,Deaths,1,Global,3,Both,22,All ages,1048,COVID-19,1,Number,1980,0.0,0.0,0.0
1,All Population,1,Deaths,1,Global,3,Both,22,All ages,1048,COVID-19,2,Percent,1980,0.0,0.0,0.0
1,All Population,1,Deaths,1,Global,3,Both,22,All ages,843,Ebola,1,Number,1980,0.0,0.0,0.0
1,All Population,1,Deaths,1,Global,3,Both,22,All ages,843,Ebola,2,Percent,1980,0.0,0.0,0.0
1,All Population,1,Deaths,1,Global,3,Both,22,All ages,298,HIV/AIDS,1,Number,1981,18934.729104704682,24390.706503163678,15626.118241622005
1,All Population,1,Deaths,1,Global,3,Both,22,All ages,298,HIV/AIDS,2,Percent,1981,0.00041309958306001736,0.0005340367693602916,0.0003402666615053179
1,All Population,1,Deaths,1,Global,3,Both,22,All ages,322,Influenza,1,Number,1981,3135488.042738374,3672886.671157295,2730493.0854729903
1,All Population,1,Deaths,1,Global,3,Both,22,All ages,322,Influenza,2,Percent,1981,0.06840571172655195,0.08010642781127686,0.05958031685809128
1,All Population,1,Deaths,1,Global,3,Both,22,All ages,341,Measles,1,Number,1981,1359169.1634646163,2297239.438690732,628162.7731192061
1,All Population,1,Deaths,1,Global,3,Both,22,All ages,341,Measles,2,Percent,1981,0.02965241047860347,0.04995052690176505,0.013751929138184741
1,All Population,1,Deaths,1,Global,3,Both,22,All ages,345,Malaria,1,Number,1981,678684.4439591478,1262883.440743058,336972.22606985836
1,All Population,1,Deaths,1,Global,3,Both,22,All ages,345,Malaria,2,Percent,1981,0.014808441824963835,0.027598867567913906,0.007342084941765765
1,All Population,1,Deaths,1,Global,3,Both,22,All ages,1048,COVID-19,1,Number,1981,0.0,0.0,0.0
1,All Population,1,Deaths,1,Global,3,Both,22,All ages,1048,COVID-19,2,Percent,1981,0.0,0.0,0.0
1,All Population,1,Deaths,1,Global,3,Both,22,All ages,298,HIV/AIDS,1,Number,1983,34322.62387529934,44317.34599648688,26382.21873843589
1,All Population,1,Deaths,1,Global,3,Both,22,All ages,298,HIV/AIDS,2,Percent,1983,0.0007390403458697946,0.0009573261954823448,0.0005690005902480776
1,All Population,1,Deaths,1,Global,3,Both,22,All ages,322,Influenza,1,Number,1983,3111207.337215669,3550343.2694883873,2703417.626579151
1,All Population,1,Deaths,1,Global,3,Both,22,All ages,322,Influenza,2,Percent,1983,0.06698956259911443,0.07642621562754441,0.05848736499018981
1,All Population,1,Deaths,1,Global,3,Both,22,All ages,341,Measles,1,Number,1983,1314566.0095499954,2197602.6342417994,590740.3578746797
1,All Population,1,Deaths,1,Global,3,Both,22,All ages,341,Measles,2,Percent,1983,0.0283028596017505,0.04779942914284512,0.012738242793143955
1,All Population,1,Deaths,1,Global,3,Both,22,All ages,298,HIV/AIDS,1,Number,1982,25087.916038578176,33611.32084387716,19736.379474193185
1,All Population,1,Deaths,1,Global,3,Both,22,All ages,298,HIV/AIDS,2,Percent,1982,0.0005462197361684917,0.0007337519986011155,0.00043177465067305233
1,All Population,1,Deaths,1,Global,3,Both,22,All ages,322,Influenza,1,Number,1982,3102088.072233831,3537275.978095268,2698166.4660174423
1,All Population,1,Deaths,1,Global,3,Both,22,All ages,322,Influenza,2,Percent,1982,0.06754092896000988,0.07736741221397939,0.05883835164538571
1,All Population,1,Deaths,1,Global,3,Both,22,All ages,341,Measles,1,Number,1982,1336924.3039826967,2241476.996127374,611189.5366661584
1,All Population,1,Deaths,1,Global,3,Both,22,All ages,341,Measles,2,Percent,1982,0.029107065173662117,0.04912030063791618,0.013327526307471355
1,All Population,1,Deaths,1,Global,3,Both,22,All ages,345,Malaria,1,Number,1983,703734.9630316253,1313255.5746988838,351756.43676116975
1,All Population,1,Deaths,1,Global,3,Both,22,All ages,345,Malaria,2,Percent,1983,0.015153029631780736,0.028174425816648856,0.007573884666968537
1,All Population,1,Deaths,1,Global,3,Both,22,All ages,1048,COVID-19,1,Number,1983,0.0,0.0,0.0
1,All Population,1,Deaths,1,Global,3,Both,22,All ages,1048,COVID-19,2,Percent,1983,0.0,0.0,0.0
1,All Population,1,Deaths,1,Global,3,Both,22,All ages,345,Malaria,1,Number,1982,691847.0198570634,1264134.5373094096,360300.7259311463
1,All Population,1,Deaths,1,Global,3,Both,22,All ages,345,Malaria,2,Percent,1982,0.015063987728478397,0.027542242737134192,0.007846781345000777
1,All Population,1,Deaths,1,Global,3,Both,22,All ages,1048,COVID-19,1,Number,1982,0.0,0.0,0.0
1,All Population,1,Deaths,1,Global,3,Both,22,All ages,1048,COVID-19,2,Percent,1982,0.0,0.0,0.0
1,All Population,1,Deaths,1,Global,3,Both,22,All ages,357,Dengue,1,Number,1981,15977.362483256858,41841.458444072225,5593.333785010177
1,All Population,1,Deaths,1,Global,3,Both,22,All ages,357,Dengue,2,Percent,1981,0.0003485325288192034,0.0009081261659770272,0.00012248926375636661
1,All Population,1,Deaths,1,Global,3,Both,22,All ages,843,Ebola,1,Number,1981,0.0,0.0,0.0
1,All Population,1,Deaths,1,Global,3,Both,22,All ages,843,Ebola,2,Percent,1981,0.0,0.0,0.0
1,All Population,1,Deaths,1,Global,3,Both,22,All ages,298,HIV/AIDS,1,Number,1984,48439.20593464922,60289.07511129327,38005.36011709425
1,All Population,1,Deaths,1,Global,3,Both,22,All ages,298,HIV/AIDS,2,Percent,1984,0.0010350183618635217,0.0013003785414566627,0.0008111994273031297
1,All Population,1,Deaths,1,Global,3,Both,22,All ages,322,Influenza,1,Number,1984,3100491.271520214,3561959.636314882,2707292.6360026663
1,All Population,1,Deaths,1,Global,3,Both,22,All ages,322,Influenza,2,Percent,1984,0.0662460050598387,0.07589581417055365,0.05791485277290683
1,All Population,1,Deaths,1,Global,3,Both,22,All ages,341,Measles,1,Number,1984,1304850.9998153339,2197533.9190933215,579656.2485632311
1,All Population,1,Deaths,1,Global,3,Both,22,All ages,341,Measles,2,Percent,1984,0.027879353717477198,0.0470251423205475,0.01241680101904411
1,All Population,1,Deaths,1,Global,3,Both,22,All ages,345,Malaria,1,Number,1984,713506.3940157609,1300348.9272463755,353344.1856313008
1,All Population,1,Deaths,1,Global,3,Both,22,All ages,345,Malaria,2,Percent,1984,0.015244773368585077,0.02770774784450314,0.007577412708167336
1,All Population,1,Deaths,1,Global,3,Both,22,All ages,298,HIV/AIDS,1,Number,1985,68792.39156123588,81334.00097921325,55652.757451588746
1,All Population,1,Deaths,1,Global,3,Both,22,All ages,298,HIV/AIDS,2,Percent,1985,0.0014663858448635814,0.0017400591040583173,0.0011886128608509172
1,All Population,1,Deaths,1,Global,3,Both,22,All ages,322,Influenza,1,Number,1985,3102678.439698333,3521553.7705203556,2706624.726674132
1,All Population,1,Deaths,1,Global,3,Both,22,All ages,322,Influenza,2,Percent,1985,0.06613548292017593,0.07513255381777209,0.05781039123050764
1,All Population,1,Deaths,1,Global,3,Both,22,All ages,341,Measles,1,Number,1985,1289722.6388931083,2173897.9375081304,562968.4893970111
1,All Population,1,Deaths,1,Global,3,Both,22,All ages,341,Measles,2,Percent,1985,0.027491126213359283,0.046422659171062954,0.011952946000927011
1,All Population,1,Deaths,1,Global,3,Both,22,All ages,298,HIV/AIDS,1,Number,1986,97433.99787796776,113869.32665494269,83366.67123309306
1,All Population,1,Deaths,1,Global,3,Both,22,All ages,298,HIV/AIDS,2,Percent,1986,0.0020781115707944123,0.0024186454619211754,0.0017746666267610788
1,All Population,1,Deaths,1,Global,3,Both,22,All ages,322,Influenza,1,Number,1986,3080173.7115261536,3495292.4216417465,2695215.9231027765
1,All Population,1,Deaths,1,Global,3,Both,22,All ages,322,Influenza,2,Percent,1986,0.06569513529080225,0.07452203819222618,0.057594892974127336
1,All Population,1,Deaths,1,Global,3,Both,22,All ages,341,Measles,1,Number,1986,1268070.7789359498,2143149.662594741,557959.8503334713
1,All Population,1,Deaths,1,Global,3,Both,22,All ages,341,Measles,2,Percent,1986,0.027046371252471432,0.04564730758117436,0.011894457505696985
1,All Population,1,Deaths,1,Global,3,Both,22,All ages,1048,COVID-19,1,Number,1984,0.0,0.0,0.0
1,All Population,1,Deaths,1,Global,3,Both,22,All ages,1048,COVID-19,2,Percent,1984,0.0,0.0,0.0
1,All Population,1,Deaths,1,Global,3,Both,22,All ages,345,Malaria,1,Number,1986,753770.6822865547,1368586.3725527122,362135.600436947
1,All Population,1,Deaths,1,Global,3,Both,22,All ages,345,Malaria,2,Percent,1986,0.016075622348358295,0.029166153880922776,0.007768313168947538
1,All Population,1,Deaths,1,Global,3,Both,22,All ages,345,Malaria,1,Number,1985,735921.5552534681,1349408.2090104008,360974.01619427174
1,All Population,1,Deaths,1,Global,3,Both,22,All ages,345,Malaria,2,Percent,1985,0.01568572320129879,0.02865028754413045,0.007750808692979503
1,All Population,1,Deaths,1,Global,3,Both,22,All ages,1048,COVID-19,1,Number,1986,0.0,0.0,0.0
1,All Population,1,Deaths,1,Global,3,Both,22,All ages,1048,COVID-19,2,Percent,1986,0.0,0.0,0.0
1,All Population,1,Deaths,1,Global,3,Both,22,All ages,1048,COVID-19,1,Number,1985,0.0,0.0,0.0
1,All Population,1,Deaths,1,Global,3,Both,22,All ages,1048,COVID-19,2,Percent,1985,0.0,0.0,0.0
1,All Population,1,Deaths,1,Global,3,Both,22,All ages,298,HIV/AIDS,1,Number,1987,137971.5640025721,156688.88353949008,120576.26790502128
1,All Population,1,Deaths,1,Global,3,Both,22,All ages,298,HIV/AIDS,2,Percent,1987,0.0029359190517375864,0.0033282363164747353,0.002567738464007675
1,All Population,1,Deaths,1,Global,3,Both,22,All ages,322,Influenza,1,Number,1987,3045880.8468517377,3433774.4349399316,2685041.627209995
1,All Population,1,Deaths,1,Global,3,Both,22,All ages,322,Influenza,2,Percent,1987,0.06481285321618757,0.07325299128619293,0.05705857389049073
1,All Population,1,Deaths,1,Global,3,Both,22,All ages,341,Measles,1,Number,1987,1234077.778757672,2060020.1438118971,542057.992215383
1,All Population,1,Deaths,1,Global,3,Both,22,All ages,341,Measles,2,Percent,1987,0.026258924616432838,0.04389708709766313,0.011532955407560046
1,All Population,1,Deaths,1,Global,3,Both,22,All ages,345,Malaria,1,Number,1987,763653.9927973315,1407811.7489666652,375432.0777473614
1,All Population,1,Deaths,1,Global,3,Both,22,All ages,345,Malaria,2,Percent,1987,0.016249647633262126,0.02995347383999048,0.008020040511219116
1,All Population,1,Deaths,1,Global,3,Both,22,All ages,357,Dengue,1,Number,1982,16076.883227688324,45034.688693392105,6145.2067673373995
1,All Population,1,Deaths,1,Global,3,Both,22,All ages,357,Dengue,2,Percent,1982,0.00035004245584820625,0.0009803700536206881,0.00013322272395142895
1,All Population,1,Deaths,1,Global,3,Both,22,All ages,298,HIV/AIDS,1,Number,1988,190706.60581103864,215838.43152516757,170113.12963506186
1,All Population,1,Deaths,1,Global,3,Both,22,All ages,298,HIV/AIDS,2,Percent,1988,0.00402450286894893,0.004555683535054702,0.0035815183783046494
1,All Population,1,Deaths,1,Global,3,Both,22,All ages,322,Influenza,1,Number,1988,3027748.0895432406,3406919.1794623923,2686562.6165223205
1,All Population,1,Deaths,1,Global,3,Both,22,All ages,322,Influenza,2,Percent,1988,0.06389573037707508,0.07176986461450663,0.05654065353327039
1,All Population,1,Deaths,1,Global,3,Both,22,All ages,341,Measles,1,Number,1988,1194492.79888781,1980625.569272269,522756.2021137987
1,All Population,1,Deaths,1,Global,3,Both,22,All ages,341,Measles,2,Percent,1988,0.025205153119949697,0.04178078325384834,0.011021611522299758
1,All Population,1,Deaths,1,Global,3,Both,22,All ages,843,Ebola,1,Number,1982,0.0,0.0,0.0
1,All Population,1,Deaths,1,Global,3,Both,22,All ages,843,Ebola,2,Percent,1982,0.0,0.0,0.0
1,All Population,1,Deaths,1,Global,3,Both,22,All ages,345,Malaria,1,Number,1988,775266.852454766,1420432.0466396364,385358.65519460104
1,All Population,1,Deaths,1,Global,3,Both,22,All ages,345,Malaria,2,Percent,1988,0.016361213372249876,0.030015262801108302,0.008173624772597097
1,All Population,1,Deaths,1,Global,3,Both,22,All ages,1048,COVID-19,1,Number,1987,0.0,0.0,0.0
1,All Population,1,Deaths,1,Global,3,Both,22,All ages,1048,COVID-19,2,Percent,1987,0.0,0.0,0.0
1,All Population,1,Deaths,1,Global,3,Both,22,All ages,1048,COVID-19,1,Number,1988,0.0,0.0,0.0
1,All Population,1,Deaths,1,Global,3,Both,22,All ages,1048,COVID-19,2,Percent,1988,0.0,0.0,0.0
1,All Population,1,Deaths,1,Global,3,Both,22,All ages,298,HIV/AIDS,1,Number,1989,260696.3266378953,290459.4889285768,234091.01379374595
1,All Population,1,Deaths,1,Global,3,Both,22,All ages,298,HIV/AIDS,2,Percent,1989,0.005481583210027436,0.006097370118060186,0.004916733337635384
1,All Population,1,Deaths,1,Global,3,Both,22,All ages,322,Influenza,1,Number,1989,3003017.7163398853,3377958.2621674463,2673974.254779609
1,All Population,1,Deaths,1,Global,3,Both,22,All ages,322,Influenza,2,Percent,1989,0.06314461523915092,0.07097312792191475,0.056208878028843806
1,All Population,1,Deaths,1,Global,3,Both,22,All ages,341,Measles,1,Number,1989,1150654.6145175928,1929565.8166766278,495697.34429511125
1,All Population,1,Deaths,1,Global,3,Both,22,All ages,341,Measles,2,Percent,1989,0.024192067756692873,0.040461741589677885,0.010457504095858087
1,All Population,1,Deaths,1,Global,3,Both,22,All ages,345,Malaria,1,Number,1989,778717.9195419212,1403197.726655528,385461.4802939332
1,All Population,1,Deaths,1,Global,3,Both,22,All ages,345,Malaria,2,Percent,1989,0.016375462789168533,0.02951791863268426,0.008131300341524591
1,All Population,1,Deaths,1,Global,3,Both,22,All ages,357,Dengue,1,Number,1983,16188.782405988532,45760.97112513162,5930.860268346354
1,All Population,1,Deaths,1,Global,3,Both,22,All ages,357,Dengue,2,Percent,1983,0.000348617483065586,0.0009889796544437942,0.00012803464410829886
1,All Population,1,Deaths,1,Global,3,Both,22,All ages,843,Ebola,1,Number,1983,0.0,0.0,0.0
1,All Population,1,Deaths,1,Global,3,Both,22,All ages,843,Ebola,2,Percent,1983,0.0,0.0,0.0
1,All Population,1,Deaths,1,Global,3,Both,22,All ages,1048,COVID-19,1,Number,1989,0.0,0.0,0.0
1,All Population,1,Deaths,1,Global,3,Both,22,All ages,1048,COVID-19,2,Percent,1989,0.0,0.0,0.0
1,All Population,1,Deaths,1,Global,3,Both,22,All ages,298,HIV/AIDS,1,Number,1990,341990.068164781,377387.47045649006,309657.28781373875
1,All Population,1,Deaths,1,Global,3,Both,22,All ages,298,HIV/AIDS,2,Percent,1990,0.007133931097800887,0.007881965233632125,0.006453391889424665
1,All Population,1,Deaths,1,Global,3,Both,22,All ages,322,Influenza,1,Number,1990,2972434.6010997817,3336380.002369333,2638875.7991396375
1,All Population,1,Deaths,1,Global,3,Both,22,All ages,322,Influenza,2,Percent,1990,0.06200588617823189,0.06959606357397682,0.054960535286544515
1,All Population,1,Deaths,1,Global,3,Both,22,All ages,341,Measles,1,Number,1990,1102876.1726720026,1854292.3899593474,474617.6076493064
1,All Population,1,Deaths,1,Global,3,Both,22,All ages,341,Measles,2,Percent,1990,0.023005347460468593,0.03898397187320668,0.009941336352793985
1,All Population,1,Deaths,1,Global,3,Both,22,All ages,345,Malaria,1,Number,1990,784046.9707331349,1411076.853742681,394299.1496854158
1,All Population,1,Deaths,1,Global,3,Both,22,All ages,345,Malaria,2,Percent,1990,0.016357320830927627,0.0294065526106502,0.008237476629049636
1,All Population,1,Deaths,1,Global,3,Both,22,All ages,1048,COVID-19,1,Number,1990,0.0,0.0,0.0
1,All Population,1,Deaths,1,Global,3,Both,22,All ages,1048,COVID-19,2,Percent,1990,0.0,0.0,0.0
1,All Population,1,Deaths,1,Global,3,Both,22,All ages,345,Malaria,1,Number,1991,803565.7315207637,1431773.6641909871,407011.81752947165
1,All Population,1,Deaths,1,Global,3,Both,22,All ages,345,Malaria,2,Percent,1991,0.01660857403820165,0.02958443306107914,0.00843375855100031
1,All Population,1,Deaths,1,Global,3,Both,22,All ages,1048,COVID-19,1,Number,1991,0.0,0.0,0.0
1,All Population,1,Deaths,1,Global,3,Both,22,All ages,1048,COVID-19,2,Percent,1991,0.0,0.0,0.0
1,All Population,1,Deaths,1,Global,3,Both,22,All ages,357,Dengue,1,Number,1984,16511.4591230993,40728.163493426975,6188.234321750868
1,All Population,1,Deaths,1,Global,3,Both,22,All ages,357,Dengue,2,Percent,1984,0.00035280942765509194,0.0008703465553206484,0.0001318622775103665
1,All Population,1,Deaths,1,Global,3,Both,22,All ages,843,Ebola,1,Number,1984,0.0,0.0,0.0
1,All Population,1,Deaths,1,Global,3,Both,22,All ages,843,Ebola,2,Percent,1984,0.0,0.0,0.0
1,All Population,1,Deaths,1,Global,3,Both,22,All ages,298,HIV/AIDS,1,Number,1991,435369.63737562357,478582.62555785774,398895.3603693131
1,All Population,1,Deaths,1,Global,3,Both,22,All ages,298,HIV/AIDS,2,Percent,1991,0.008997349948625393,0.009886365798685,0.008263282791264967
1,All Population,1,Deaths,1,Global,3,Both,22,All ages,322,Influenza,1,Number,1991,2929793.223139215,3280711.8022312876,2605482.4324529297
1,All Population,1,Deaths,1,Global,3,Both,22,All ages,322,Influenza,2,Percent,1991,0.06054767169522396,0.06809657889018239,0.05373207696762104
1,All Population,1,Deaths,1,Global,3,Both,22,All ages,341,Measles,1,Number,1991,1061089.445750303,1819551.3645806462,455261.2668389824
1,All Population,1,Deaths,1,Global,3,Both,22,All ages,341,Measles,2,Percent,1991,0.02192742949681593,0.037768440408640976,0.009459543526361643
1,All Population,1,Deaths,1,Global,3,Both,22,All ages,357,Dengue,1,Number,1985,16724.40179999688,38860.81177907256,6257.369565171392
1,All Population,1,Deaths,1,Global,3,Both,22,All ages,357,Dengue,2,Percent,1985,0.00035649902263916786,0.0008279340912393796,0.0001334551970602704
1,All Population,1,Deaths,1,Global,3,Both,22,All ages,843,Ebola,1,Number,1985,0.0,0.0,0.0
1,All Population,1,Deaths,1,Global,3,Both,22,All ages,843,Ebola,2,Percent,1985,0.0,0.0,0.0
1,All Population,1,Deaths,1,Global,3,Both,22,All ages,357,Dengue,1,Number,1986,17257.87344797313,38874.694147667404,6488.543755853679
1,All Population,1,Deaths,1,Global,3,Both,22,All ages,357,Dengue,2,Percent,1986,0.0003680800175385995,0.0008341170075735835,0.00013897031955183842
1,All Population,1,Deaths,1,Global,3,Both,22,All ages,843,Ebola,1,Number,1986,0.0,0.0,0.0
1,All Population,1,Deaths,1,Global,3,Both,22,All ages,843,Ebola,2,Percent,1986,0.0,0.0,0.0
1,All Population,1,Deaths,1,Global,3,Both,22,All ages,357,Dengue,1,Number,1987,17833.5201116496,41750.31832274084,6308.43782919894
1,All Population,1,Deaths,1,Global,3,Both,22,All ages,357,Dengue,2,Percent,1987,0.00037944483160462196,0.0008826761857716728,0.00013438964639334922
1,All Population,1,Deaths,1,Global,3,Both,22,All ages,843,Ebola,1,Number,1987,0.0,0.0,0.0
1,All Population,1,Deaths,1,Global,3,Both,22,All ages,843,Ebola,2,Percent,1987,0.0,0.0,0.0
1,All Population,1,Deaths,1,Global,3,Both,22,All ages,357,Dengue,1,Number,1988,18310.655177354587,41549.51231372605,5726.67028474484
1,All Population,1,Deaths,1,Global,3,Both,22,All ages,357,Dengue,2,Percent,1988,0.00038643663491314353,0.000877813932268454,0.00012132061247509549
1,All Population,1,Deaths,1,Global,3,Both,22,All ages,357,Dengue,1,Number,1989,19083.545304123218,44329.80355117786,5765.584387358124
1,All Population,1,Deaths,1,Global,3,Both,22,All ages,357,Dengue,2,Percent,1989,0.0004012805902062721,0.0009342335796268228,0.00012138344493911234
1,All Population,1,Deaths,1,Global,3,Both,22,All ages,843,Ebola,1,Number,1989,0.0,0.0,0.0
1,All Population,1,Deaths,1,Global,3,Both,22,All ages,843,Ebola,2,Percent,1989,0.0,0.0,0.0
1,All Population,1,Deaths,1,Global,3,Both,22,All ages,298,HIV/AIDS,1,Number,1992,538008.1713102777,586654.0593005007,495196.0433894183
1,All Population,1,Deaths,1,Global,3,Both,22,All ages,298,HIV/AIDS,2,Percent,1992,0.01109595463950238,0.012125475376094555,0.010206229900051577
1,All Population,1,Deaths,1,Global,3,Both,22,All ages,322,Influenza,1,Number,1992,2904424.8680485464,3253717.7270581275,2583844.449721328
1,All Population,1,Deaths,1,Global,3,Both,22,All ages,322,Influenza,2,Percent,1992,0.0599013653511002,0.06740716237987246,0.05356491289297571
1,All Population,1,Deaths,1,Global,3,Both,22,All ages,341,Measles,1,Number,1992,1027844.0647234202,1763697.2286556778,448054.59732136515
1,All Population,1,Deaths,1,Global,3,Both,22,All ages,341,Measles,2,Percent,1992,0.02119822443571296,0.03647024341262463,0.009302929304514405
1,All Population,1,Deaths,1,Global,3,Both,22,All ages,843,Ebola,1,Number,1988,0.0,0.0,0.0
1,All Population,1,Deaths,1,Global,3,Both,22,All ages,843,Ebola,2,Percent,1988,0.0,0.0,0.0
1,All Population,1,Deaths,1,Global,3,Both,22,All ages,345,Malaria,1,Number,1992,807199.1667757698,1425846.6352154533,417107.0204236196
1,All Population,1,Deaths,1,Global,3,Both,22,All ages,345,Malaria,2,Percent,1992,0.016648375120178863,0.02941589960744541,0.008593531997852172
1,All Population,1,Deaths,1,Global,3,Both,22,All ages,1048,COVID-19,1,Number,1992,0.0,0.0,0.0
1,All Population,1,Deaths,1,Global,3,Both,22,All ages,1048,COVID-19,2,Percent,1992,0.0,0.0,0.0
1,All Population,1,Deaths,1,Global,3,Both,22,All ages,298,HIV/AIDS,1,Number,1993,650261.1867310284,708154.3631273415,601415.416059569
1,All Population,1,Deaths,1,Global,3,Both,22,All ages,298,HIV/AIDS,2,Percent,1993,0.013220809273309127,0.014382839810917978,0.01222721775226745
1,All Population,1,Deaths,1,Global,3,Both,22,All ages,322,Influenza,1,Number,1993,2914686.6339893886,3253936.019347002,2608050.1417613407
1,All Population,1,Deaths,1,Global,3,Both,22,All ages,322,Influenza,2,Percent,1993,0.05925970976509061,0.06636603346586477,0.0530218640110143
1,All Population,1,Deaths,1,Global,3,Both,22,All ages,341,Measles,1,Number,1993,996455.1870648853,1721698.3649862339,438307.8466633919
1,All Population,1,Deaths,1,Global,3,Both,22,All ages,341,Measles,2,Percent,1993,0.020258202893453963,0.034976464564660276,0.008971260722593934
1,All Population,1,Deaths,1,Global,3,Both,22,All ages,345,Malaria,1,Number,1993,809734.109650524,1415353.7195140873,422560.6545245421
1,All Population,1,Deaths,1,Global,3,Both,22,All ages,345,Malaria,2,Percent,1993,0.016463094680742817,0.028809795959468656,0.008587086707585458
1,All Population,1,Deaths,1,Global,3,Both,22,All ages,1048,COVID-19,1,Number,1993,0.0,0.0,0.0
1,All Population,1,Deaths,1,Global,3,Both,22,All ages,1048,COVID-19,2,Percent,1993,0.0,0.0,0.0
1,All Population,1,Deaths,1,Global,3,Both,22,All ages,298,HIV/AIDS,1,Number,1995,890706.8967632502,966117.2960239853,830589.8560098187
1,All Population,1,Deaths,1,Global,3,Both,22,All ages,298,HIV/AIDS,2,Percent,1995,0.01785793136842392,0.01935997623904276,0.016587663132613947
1,All Population,1,Deaths,1,Global,3,Both,22,All ages,322,Influenza,1,Number,1995,2894746.886989852,3231237.6934994133,2603929.3787714317
1,All Population,1,Deaths,1,Global,3,Both,22,All ages,322,Influenza,2,Percent,1995,0.058036305312348255,0.06472560337049092,0.05226617907402438
1,All Population,1,Deaths,1,Global,3,Both,22,All ages,341,Measles,1,Number,1995,955421.714124532,1646790.9167701404,428540.7811440267
1,All Population,1,Deaths,1,Global,3,Both,22,All ages,341,Measles,2,Percent,1995,0.019152578221927046,0.0329929552253942,0.008618314482079054
1,All Population,1,Deaths,1,Global,3,Both,22,All ages,345,Malaria,1,Number,1995,826389.4460041873,1409922.6201826371,432327.87650228967
1,All Population,1,Deaths,1,Global,3,Both,22,All ages,345,Malaria,2,Percent,1995,0.01656740512911184,0.02836088394828716,0.008669009661754325
1,All Population,1,Deaths,1,Global,3,Both,22,All ages,1048,COVID-19,1,Number,1995,0.0,0.0,0.0
1,All Population,1,Deaths,1,Global,3,Both,22,All ages,1048,COVID-19,2,Percent,1995,0.0,0.0,0.0
1,All Population,1,Deaths,1,Global,3,Both,22,All ages,298,HIV/AIDS,1,Number,1994,771307.0509570225,837890.0283624491,716837.5683768417
1,All Population,1,Deaths,1,Global,3,Both,22,All ages,298,HIV/AIDS,2,Percent,1994,0.01533655510556194,0.016682450561820772,0.01426718671434827
1,All Population,1,Deaths,1,Global,3,Both,22,All ages,322,Influenza,1,Number,1994,2905198.661033516,3238728.189204584,2612765.131321122
1,All Population,1,Deaths,1,Global,3,Both,22,All ages,322,Influenza,2,Percent,1994,0.057766394304312636,0.06450623019601943,0.05196528501776909
1,All Population,1,Deaths,1,Global,3,Both,22,All ages,341,Measles,1,Number,1994,974451.8824262468,1674894.835133802,432927.9849827846
1,All Population,1,Deaths,1,Global,3,Both,22,All ages,341,Measles,2,Percent,1994,0.019374198770726853,0.03340317651855233,0.008685055923878417
1,All Population,1,Deaths,1,Global,3,Both,22,All ages,345,Malaria,1,Number,1994,816596.6806527334,1393444.1895995564,420863.5133561045
1,All Population,1,Deaths,1,Global,3,Both,22,All ages,345,Malaria,2,Percent,1994,0.016236687023595927,0.027811737415784184,0.008363531549029397
1,All Population,1,Deaths,1,Global,3,Both,22,All ages,1048,COVID-19,1,Number,1994,0.0,0.0,0.0
1,All Population,1,Deaths,1,Global,3,Both,22,All ages,1048,COVID-19,2,Percent,1994,0.0,0.0,0.0
1,All Population,1,Deaths,1,Global,3,Both,22,All ages,357,Dengue,1,Number,1990,19211.15298390583,46353.1148183664,5502.427581408663
1,All Population,1,Deaths,1,Global,3,Both,22,All ages,357,Dengue,2,Percent,1990,0.00040081378172989514,0.0009660205137000677,0.00011545700955805236
1,All Population,1,Deaths,1,Global,3,Both,22,All ages,843,Ebola,1,Number,1990,0.0,0.0,0.0
1,All Population,1,Deaths,1,Global,3,Both,22,All ages,843,Ebola,2,Percent,1990,0.0,0.0,0.0
1,All Population,1,Deaths,1,Global,3,Both,22,All ages,843,Ebola,1,Number,1991,0.0,0.0,0.0
1,All Population,1,Deaths,1,Global,3,Both,22,All ages,843,Ebola,2,Percent,1991,0.0,0.0,0.0
1,All Population,1,Deaths,1,Global,3,Both,22,All ages,357,Dengue,1,Number,1991,19891.655069353223,50050.75137533633,6076.841057082077
1,All Population,1,Deaths,1,Global,3,Both,22,All ages,357,Dengue,2,Percent,1991,0.00041115476316881195,0.0010341463793395297,0.0001257591483469464
1,All Population,1,Deaths,1,Global,3,Both,22,All ages,298,HIV/AIDS,1,Number,1996,1007710.2517294311,1093968.8879305206,941025.4050791734
1,All Population,1,Deaths,1,Global,3,Both,22,All ages,298,HIV/AIDS,2,Percent,1996,0.020141146750341697,0.021981741006518615,0.018818208865392736
1,All Population,1,Deaths,1,Global,3,Both,22,All ages,322,Influenza,1,Number,1996,2854625.2876541144,3181172.1961963074,2569531.203870925
1,All Population,1,Deaths,1,Global,3,Both,22,All ages,322,Influenza,2,Percent,1996,0.057054748781610376,0.06404014013534905,0.05138598425174904
1,All Population,1,Deaths,1,Global,3,Both,22,All ages,341,Measles,1,Number,1996,933831.392276462,1609194.727413435,418980.68724759197
1,All Population,1,Deaths,1,Global,3,Both,22,All ages,341,Measles,2,Percent,1996,0.018660940154290286,0.03213151192379505,0.008387974573655756
1,All Population,1,Deaths,1,Global,3,Both,22,All ages,345,Malaria,1,Number,1996,839427.0652485982,1411278.2236966174,438255.3231848515
1,All Population,1,Deaths,1,Global,3,Both,22,All ages,345,Malaria,2,Percent,1996,0.01677768490861857,0.02835424927514321,0.008784593340850095
1,All Population,1,Deaths,1,Global,3,Both,22,All ages,1048,COVID-19,1,Number,1996,0.0,0.0,0.0
1,All Population,1,Deaths,1,Global,3,Both,22,All ages,1048,COVID-19,2,Percent,1996,0.0,0.0,0.0
1,All Population,1,Deaths,1,Global,3,Both,22,All ages,298,HIV/AIDS,1,Number,1997,1126579.1861376553,1234718.7631437175,1054100.4030835957
1,All Population,1,Deaths,1,Global,3,Both,22,All ages,298,HIV/AIDS,2,Percent,1997,0.022480265030668994,0.02463087593049062,0.020984576631310318
1,All Population,1,Deaths,1,Global,3,Both,22,All ages,322,Influenza,1,Number,1997,2807265.3949623173,3147125.501315869,2534434.2041420965
1,All Population,1,Deaths,1,Global,3,Both,22,All ages,322,Influenza,2,Percent,1997,0.056016445954661424,0.06282985963859518,0.050683355995283376
1,All Population,1,Deaths,1,Global,3,Both,22,All ages,341,Measles,1,Number,1997,902215.8832275904,1567523.626737824,411460.83856317535
1,All Population,1,Deaths,1,Global,3,Both,22,All ages,341,Measles,2,Percent,1997,0.018000153117625248,0.031271712801859,0.008215650565571981
1,All Population,1,Deaths,1,Global,3,Both,22,All ages,298,HIV/AIDS,1,Number,1998,1251636.3360388344,1373003.3666274198,1168031.6778133437
1,All Population,1,Deaths,1,Global,3,Both,22,All ages,298,HIV/AIDS,2,Percent,1998,0.0248221255313244,0.027050762803446118,0.02317610741906305
1,All Population,1,Deaths,1,Global,3,Both,22,All ages,322,Influenza,1,Number,1998,2763406.5824983865,3083175.5929133613,2488134.38739436
1,All Population,1,Deaths,1,Global,3,Both,22,All ages,322,Influenza,2,Percent,1998,0.05480205913925097,0.06140962770566827,0.04968781064408636
1,All Population,1,Deaths,1,Global,3,Both,22,All ages,341,Measles,1,Number,1998,867650.5588046924,1523505.4784409076,393799.25871955877
1,All Population,1,Deaths,1,Global,3,Both,22,All ages,341,Measles,2,Percent,1998,0.017206005330756377,0.03021385577392205,0.007835110285869726
1,All Population,1,Deaths,1,Global,3,Both,22,All ages,345,Malaria,1,Number,1997,859027.5440722046,1445226.4009583492,445597.97122571635
1,All Population,1,Deaths,1,Global,3,Both,22,All ages,345,Malaria,2,Percent,1997,0.01714283487562913,0.028855012968050747,0.008908975407047322
1,All Population,1,Deaths,1,Global,3,Both,22,All ages,357,Dengue,1,Number,1992,20132.243764014995,48016.595843855685,6292.998992964107
1,All Population,1,Deaths,1,Global,3,Both,22,All ages,357,Dengue,2,Percent,1992,0.00041527137666910085,0.000987739867392107,0.00012916686924177868
1,All Population,1,Deaths,1,Global,3,Both,22,All ages,345,Malaria,1,Number,1998,878241.8530129794,1467368.28761498,464801.5935575164
1,All Population,1,Deaths,1,Global,3,Both,22,All ages,345,Malaria,2,Percent,1998,0.01741877402897265,0.029110632827357867,0.009254286113112934
1,All Population,1,Deaths,1,Global,3,Both,22,All ages,1048,COVID-19,1,Number,1997,0.0,0.0,0.0
1,All Population,1,Deaths,1,Global,3,Both,22,All ages,1048,COVID-19,2,Percent,1997,0.0,0.0,0.0
1,All Population,1,Deaths,1,Global,3,Both,22,All ages,1048,COVID-19,1,Number,1998,0.0,0.0,0.0
1,All Population,1,Deaths,1,Global,3,Both,22,All ages,1048,COVID-19,2,Percent,1998,0.0,0.0,0.0
1,All Population,1,Deaths,1,Global,3,Both,22,All ages,843,Ebola,1,Number,1992,0.0,0.0,0.0
1,All Population,1,Deaths,1,Global,3,Both,22,All ages,843,Ebola,2,Percent,1992,0.0,0.0,0.0
1,All Population,1,Deaths,1,Global,3,Both,22,All ages,298,HIV/AIDS,1,Number,2000,1489294.828763044,1620133.5275575907,1387775.946177685
1,All Population,1,Deaths,1,Global,3,Both,22,All ages,298,HIV/AIDS,2,Percent,2000,0.02934794550440293,0.031868634982109706,0.027394284518333912
1,All Population,1,Deaths,1,Global,3,Both,22,All ages,322,Influenza,1,Number,2000,2646582.5537113207,2949960.941204118,2368958.5338719753
1,All Population,1,Deaths,1,Global,3,Both,22,All ages,322,Influenza,2,Percent,2000,0.05215339163378053,0.05817803383731134,0.04672247646706014
1,All Population,1,Deaths,1,Global,3,Both,22,All ages,341,Measles,1,Number,2000,762751.6408532425,1338449.8102112396,347425.58221681
1,All Population,1,Deaths,1,Global,3,Both,22,All ages,341,Measles,2,Percent,2000,0.015030171944643277,0.02629829675582067,0.006837002077394698
1,All Population,1,Deaths,1,Global,3,Both,22,All ages,298,HIV/AIDS,1,Number,1999,1373637.0359407754,1503847.851894348,1281561.8802767321
1,All Population,1,Deaths,1,Global,3,Both,22,All ages,298,HIV/AIDS,2,Percent,1999,0.027074286748330175,0.029453971094886025,0.025353482901417177
1,All Population,1,Deaths,1,Global,3,Both,22,All ages,322,Influenza,1,Number,1999,2710102.1702433787,3026711.64105396,2440643.3858608715
1,All Population,1,Deaths,1,Global,3,Both,22,All ages,322,Influenza,2,Percent,1999,0.05341588823140286,0.05946187246072522,0.04849787629195012
1,All Population,1,Deaths,1,Global,3,Both,22,All ages,341,Measles,1,Number,1999,817842.9597431256,1436685.1674272977,372627.98961931403
1,All Population,1,Deaths,1,Global,3,Both,22,All ages,341,Measles,2,Percent,1999,0.016118924044363214,0.028250417175232634,0.007372214843649751
1,All Population,1,Deaths,1,Global,3,Both,22,All ages,345,Malaria,1,Number,2000,881444.901544133,1450741.7111001248,478403.1177411116
1,All Population,1,Deaths,1,Global,3,Both,22,All ages,345,Malaria,2,Percent,2000,0.01737089661594347,0.028523444442409465,0.009432055790244477
1,All Population,1,Deaths,1,Global,3,Both,22,All ages,345,Malaria,1,Number,1999,884432.5754089542,1456259.926921914,474153.2341871029
1,All Population,1,Deaths,1,Global,3,Both,22,All ages,345,Malaria,2,Percent,1999,0.017433023384393145,0.028681771107095053,0.00935448909670866
1,All Population,1,Deaths,1,Global,3,Both,22,All ages,1048,COVID-19,1,Number,1999,0.0,0.0,0.0
1,All Population,1,Deaths,1,Global,3,Both,22,All ages,1048,COVID-19,2,Percent,1999,0.0,0.0,0.0
1,All Population,1,Deaths,1,Global,3,Both,22,All ages,1048,COVID-19,1,Number,2000,0.0,0.0,0.0
1,All Population,1,Deaths,1,Global,3,Both,22,All ages,1048,COVID-19,2,Percent,2000,0.0,0.0,0.0
1,All Population,1,Deaths,1,Global,3,Both,22,All ages,357,Dengue,1,Number,1994,21190.962170216106,49649.559595815466,7460.866821103405
1,All Population,1,Deaths,1,Global,3,Both,22,All ages,357,Dengue,2,Percent,1994,0.0004212729760396618,0.0009901091243799348,0.00014854392332575714
1,All Population,1,Deaths,1,Global,3,Both,22,All ages,357,Dengue,1,Number,1993,20653.475810909276,52004.05658533931,6755.273502205545
1,All Population,1,Deaths,1,Global,3,Both,22,All ages,357,Dengue,2,Percent,1993,0.0004199333874884547,0.0010596507899962358,0.00013695765794472873
1,All Population,1,Deaths,1,Global,3,Both,22,All ages,357,Dengue,1,Number,1995,21839.345473656194,47884.81210241355,7668.92190743858
1,All Population,1,Deaths,1,Global,3,Both,22,All ages,357,Dengue,2,Percent,1995,0.00043783106471580424,0.0009587378284076031,0.00015365178385281166
1,All Population,1,Deaths,1,Global,3,Both,22,All ages,843,Ebola,1,Number,1995,517.9407482599008,609.3700265836088,425.5517933174079
1,All Population,1,Deaths,1,Global,3,Both,22,All ages,843,Ebola,2,Percent,1995,1.038417695187027e-05,1.2204133157428259e-05,8.504345662706164e-06
1,All Population,1,Deaths,1,Global,3,Both,22,All ages,843,Ebola,1,Number,1994,37.92713197528465,44.62220340389578,31.16178652035585
1,All Population,1,Deaths,1,Global,3,Both,22,All ages,843,Ebola,2,Percent,1994,7.541400107989037e-07,8.834708940528771e-07,6.173542919016814e-07
1,All Population,1,Deaths,1,Global,3,Both,22,All ages,843,Ebola,1,Number,1993,0.0,0.0,0.0
1,All Population,1,Deaths,1,Global,3,Both,22,All ages,843,Ebola,2,Percent,1993,0.0,0.0,0.0
1,All Population,1,Deaths,1,Global,3,Both,22,All ages,357,Dengue,1,Number,1997,23100.94848907853,51259.94365677435,8555.914896377497
1,All Population,1,Deaths,1,Global,3,Both,22,All ages,357,Dengue,2,Percent,1997,0.0004608826170014987,0.001022381230366457,0.00016942741894845334
1,All Population,1,Deaths,1,Global,3,Both,22,All ages,843,Ebola,1,Number,1997,12.83533992637265,15.101093046686838,10.54580459609938
1,All Population,1,Deaths,1,Global,3,Both,22,All ages,843,Ebola,2,Percent,1997,2.561163299943445e-07,3.0129404982128584e-07,2.1081940727470832e-07
1,All Population,1,Deaths,1,Global,3,Both,22,All ages,357,Dengue,1,Number,1996,22990.946834797585,48397.24520531656,8417.963236080654
1,All Population,1,Deaths,1,Global,3,Both,22,All ages,357,Dengue,2,Percent,1996,0.00045946669530562683,0.0009630071350846635,0.00016727596210350758
1,All Population,1,Deaths,1,Global,3,Both,22,All ages,843,Ebola,1,Number,1996,118.91153956672149,139.90235035631957,97.70040121145257
1,All Population,1,Deaths,1,Global,3,Both,22,All ages,843,Ebola,2,Percent,1996,2.3766568783410766e-06,2.7963283353266513e-06,1.9510689336742146e-06
1,All Population,1,Deaths,1,Global,3,Both,22,All ages,298,HIV/AIDS,1,Number,2001,1578348.1623241368,1713830.7487237533,1472020.3218441643
1,All Population,1,Deaths,1,Global,3,Both,22,All ages,298,HIV/AIDS,2,Percent,2001,0.03105257524147191,0.03361476736703225,0.029079057107776776
1,All Population,1,Deaths,1,Global,3,Both,22,All ages,322,Influenza,1,Number,2001,2583865.1548249815,2871530.924535071,2303692.7502933624
1,All Population,1,Deaths,1,Global,3,Both,22,All ages,322,Influenza,2,Percent,2001,0.0508351288620781,0.05656015100579941,0.04539805295842626
1,All Population,1,Deaths,1,Global,3,Both,22,All ages,341,Measles,1,Number,2001,704863.4535940397,1238035.3791882838,317945.05191560934
1,All Population,1,Deaths,1,Global,3,Both,22,All ages,341,Measles,2,Percent,2001,0.013867945683562007,0.02427420658876613,0.00623587685416983
1,All Population,1,Deaths,1,Global,3,Both,22,All ages,345,Malaria,1,Number,2001,897903.5183982173,1426830.23379061,514921.94152662123
1,All Population,1,Deaths,1,Global,3,Both,22,All ages,345,Malaria,2,Percent,2001,0.01766696171779138,0.02811610842358161,0.010153715471048748
1,All Population,1,Deaths,1,Global,3,Both,22,All ages,1048,COVID-19,1,Number,2002,0.0,0.0,0.0
1,All Population,1,Deaths,1,Global,3,Both,22,All ages,1048,COVID-19,2,Percent,2002,0.0,0.0,0.0
1,All Population,1,Deaths,1,Global,3,Both,22,All ages,1048,COVID-19,1,Number,2001,0.0,0.0,0.0
1,All Population,1,Deaths,1,Global,3,Both,22,All ages,1048,COVID-19,2,Percent,2001,0.0,0.0,0.0
1,All Population,1,Deaths,1,Global,3,Both,22,All ages,357,Dengue,1,Number,1998,25151.977536787144,55539.478823263365,10512.996235076462
1,All Population,1,Deaths,1,Global,3,Both,22,All ages,357,Dengue,2,Percent,1998,0.0004986893395907177,0.0010991204198470233,0.0002091041920293052
1,All Population,1,Deaths,1,Global,3,Both,22,All ages,843,Ebola,1,Number,1998,0.0,0.0,0.0
1,All Population,1,Deaths,1,Global,3,Both,22,All ages,843,Ebola,2,Percent,1998,0.0,0.0,0.0
1,All Population,1,Deaths,1,Global,3,Both,22,All ages,298,HIV/AIDS,1,Number,2002,1657075.673842742,1789244.0670521418,1553042.9818576605
1,All Population,1,Deaths,1,Global,3,Both,22,All ages,298,HIV/AIDS,2,Percent,2002,0.032395395922045024,0.03482480228771364,0.03039505053340135
1,All Population,1,Deaths,1,Global,3,Both,22,All ages,322,Influenza,1,Number,2002,2561430.8394487877,2841924.8933026767,2290358.8675293284
1,All Population,1,Deaths,1,Global,3,Both,22,All ages,322,Influenza,2,Percent,2002,0.050074804612141276,0.05530892330349932,0.04478954987736448
1,All Population,1,Deaths,1,Global,3,Both,22,All ages,341,Measles,1,Number,2002,642210.0243873965,1117259.0408109194,287756.6023059925
1,All Population,1,Deaths,1,Global,3,Both,22,All ages,341,Measles,2,Percent,2002,0.012555049075484971,0.021799183307992166,0.0056288100966107105
1,All Population,1,Deaths,1,Global,3,Both,22,All ages,345,Malaria,1,Number,2002,904676.7964091429,1412905.3569905264,531944.6966230948
1,All Population,1,Deaths,1,Global,3,Both,22,All ages,345,Malaria,2,Percent,2002,0.01768682666883171,0.02769823819483641,0.010401790120753615
1,All Population,1,Deaths,1,Global,3,Both,22,All ages,357,Dengue,1,Number,2000,23991.195245566487,60171.44767486631,8995.517188949332
1,All Population,1,Deaths,1,Global,3,Both,22,All ages,357,Dengue,2,Percent,2000,0.0004727756613804896,0.0011872339877889565,0.0001776786955275365
1,All Population,1,Deaths,1,Global,3,Both,22,All ages,357,Dengue,1,Number,1999,23673.40271465592,58584.24638494125,9115.310841458017
1,All Population,1,Deaths,1,Global,3,Both,22,All ages,357,Dengue,2,Percent,1999,0.0004664865608461908,0.0011559562578431905,0.00018074702007986167
1,All Population,1,Deaths,1,Global,3,Both,22,All ages,843,Ebola,1,Number,2000,335.6296253887979,394.87650746256776,275.7608654165638
1,All Population,1,Deaths,1,Global,3,Both,22,All ages,843,Ebola,2,Percent,2000,6.6139435045694735e-06,7.755375216538711e-06,5.43968879083672e-06
1,All Population,1,Deaths,1,Global,3,Both,22,All ages,843,Ebola,1,Number,1999,0.0,0.0,0.0
1,All Population,1,Deaths,1,Global,3,Both,22,All ages,843,Ebola,2,Percent,1999,0.0,0.0,0.0
1,All Population,1,Deaths,1,Global,3,Both,22,All ages,298,HIV/AIDS,1,Number,2003,1706257.1783015255,1835884.6607912914,1607612.1126396884
1,All Population,1,Deaths,1,Global,3,Both,22,All ages,298,HIV/AIDS,2,Percent,2003,0.033203412867524276,0.035558244985676016,0.031221499854773696
1,All Population,1,Deaths,1,Global,3,Both,22,All ages,322,Influenza,1,Number,2003,2544399.2244247147,2814132.1068611154,2288125.0482628434
1,All Population,1,Deaths,1,Global,3,Both,22,All ages,322,Influenza,2,Percent,2003,0.049512940117425894,0.054641382622920925,0.044443841652765964
1,All Population,1,Deaths,1,Global,3,Both,22,All ages,341,Measles,1,Number,2003,583894.1204906864,1021211.3245108958,261987.1953251849
1,All Population,1,Deaths,1,Global,3,Both,22,All ages,341,Measles,2,Percent,2003,0.011361849302585728,0.019979179289356042,0.005110166528724468
1,All Population,1,Deaths,1,Global,3,Both,22,All ages,345,Malaria,1,Number,2003,920106.4875629824,1404924.7891279429,549488.8975431569
1,All Population,1,Deaths,1,Global,3,Both,22,All ages,345,Malaria,2,Percent,2003,0.0179051307736182,0.027391076488007055,0.01069701389473182
1,All Population,1,Deaths,1,Global,3,Both,22,All ages,843,Ebola,1,Number,2002,51.1018199245941,60.122547744196424,41.98640710111109
1,All Population,1,Deaths,1,Global,3,Both,22,All ages,843,Ebola,2,Percent,2002,9.990357356148627e-07,1.1737996868918203e-06,8.229641294887642e-07
1,All Population,1,Deaths,1,Global,3,Both,22,All ages,1048,COVID-19,1,Number,2003,0.0,0.0,0.0
1,All Population,1,Deaths,1,Global,3,Both,22,All ages,1048,COVID-19,2,Percent,2003,0.0,0.0,0.0
1,All Population,1,Deaths,1,Global,3,Both,22,All ages,357,Dengue,1,Number,2001,24198.54918901228,62137.68287165782,9199.82959685756
1,All Population,1,Deaths,1,Global,3,Both,22,All ages,357,Dengue,2,Percent,2001,0.0004762315013630168,0.0012258443229300094,0.00018183095841303352
1,All Population,1,Deaths,1,Global,3,Both,22,All ages,843,Ebola,1,Number,2001,111.87677323139613,131.62577477664408,91.9204786245074
1,All Population,1,Deaths,1,Global,3,Both,22,All ages,843,Ebola,2,Percent,2001,2.201102820012623e-06,2.586345525468519e-06,1.8106498662642363e-06
1,All Population,1,Deaths,1,Global,3,Both,22,All ages,298,HIV/AIDS,1,Number,2004,1709386.4985589234,1834084.6038749611,1610339.6055330024
1,All Population,1,Deaths,1,Global,3,Both,22,All ages,298,HIV/AIDS,2,Percent,2004,0.033370193468113506,0.03578799095440728,0.0314213394403088
1,All Population,1,Deaths,1,Global,3,Both,22,All ages,322,Influenza,1,Number,2004,2502822.3778872034,2773968.51792338,2243888.4987873104
1,All Population,1,Deaths,1,Global,3,Both,22,All ages,322,Influenza,2,Percent,2004,0.048858428067161036,0.054235675948385416,0.04391531682026613
1,All Population,1,Deaths,1,Global,3,Both,22,All ages,341,Measles,1,Number,2004,520030.2450182642,913758.8895193901,230788.6948354688
1,All Population,1,Deaths,1,Global,3,Both,22,All ages,341,Measles,2,Percent,2004,0.010152231007248673,0.017842165932087418,0.004499685633209607
1,All Population,1,Deaths,1,Global,3,Both,22,All ages,345,Malaria,1,Number,2004,924219.5608840111,1401692.126715815,540380.9328031515
1,All Population,1,Deaths,1,Global,3,Both,22,All ages,345,Malaria,2,Percent,2004,0.01804127518360439,0.027441097534854804,0.010561736338009215
1,All Population,1,Deaths,1,Global,3,Both,22,All ages,298,HIV/AIDS,1,Number,2005,1652713.241187493,1779216.3581688579,1555491.296537196
1,All Population,1,Deaths,1,Global,3,Both,22,All ages,298,HIV/AIDS,2,Percent,2005,0.03232163746701448,0.03478864771898997,0.030396522574613786
1,All Population,1,Deaths,1,Global,3,Both,22,All ages,322,Influenza,1,Number,2005,2486859.0598374787,2778208.837772683,2229158.6710147928
1,All Population,1,Deaths,1,Global,3,Both,22,All ages,322,Influenza,2,Percent,2005,0.04863400035363932,0.054105658375993265,0.04370112299541645
1,All Population,1,Deaths,1,Global,3,Both,22,All ages,341,Measles,1,Number,2005,460647.4660347009,805876.2342619094,206797.25073356772
1,All Population,1,Deaths,1,Global,3,Both,22,All ages,341,Measles,2,Percent,2005,0.009009144196590721,0.015875223275893535,0.004042850083225233
1,All Population,1,Deaths,1,Global,3,Both,22,All ages,345,Malaria,1,Number,2005,901281.5355583483,1403962.2853793842,515107.84923245915
1,All Population,1,Deaths,1,Global,3,Both,22,All ages,345,Malaria,2,Percent,2005,0.01762484392686741,0.027379134255594885,0.010072943568114084
1,All Population,1,Deaths,1,Global,3,Both,22,All ages,1048,COVID-19,1,Number,2004,0.0,0.0,0.0
1,All Population,1,Deaths,1,Global,3,Both,22,All ages,1048,COVID-19,2,Percent,2004,0.0,0.0,0.0
1,All Population,1,Deaths,1,Global,3,Both,22,All ages,1048,COVID-19,1,Number,2005,0.0,0.0,0.0
1,All Population,1,Deaths,1,Global,3,Both,22,All ages,1048,COVID-19,2,Percent,2005,0.0,0.0,0.0
1,All Population,1,Deaths,1,Global,3,Both,22,All ages,357,Dengue,1,Number,2002,24658.465388334127,59604.88795296631,9640.411350361424
1,All Population,1,Deaths,1,Global,3,Both,22,All ages,357,Dengue,2,Percent,2002,0.00048217558944772625,0.001173777435792332,0.00018848851447320162
1,All Population,1,Deaths,1,Global,3,Both,22,All ages,298,HIV/AIDS,1,Number,2006,1560956.9750318383,1692486.4893257127,1469266.446837204
1,All Population,1,Deaths,1,Global,3,Both,22,All ages,298,HIV/AIDS,2,Percent,2006,0.030618831599007072,0.033083319182653434,0.02884780117779562
1,All Population,1,Deaths,1,Global,3,Both,22,All ages,322,Influenza,1,Number,2006,2451805.6512562726,2715951.7270169198,2185007.048700186
1,All Population,1,Deaths,1,Global,3,Both,22,All ages,322,Influenza,2,Percent,2006,0.04809337628928991,0.05332605683625679,0.043026600033384904
1,All Population,1,Deaths,1,Global,3,Both,22,All ages,341,Measles,1,Number,2006,389726.1139253112,678544.9929479974,175148.28419170098
1,All Population,1,Deaths,1,Global,3,Both,22,All ages,341,Measles,2,Percent,2006,0.007644837755675407,0.013395179080097198,0.0034547251933726877
1,All Population,1,Deaths,1,Global,3,Both,22,All ages,298,HIV/AIDS,1,Number,2007,1453935.4394276459,1569875.2588627252,1366553.1383257473
1,All Population,1,Deaths,1,Global,3,Both,22,All ages,298,HIV/AIDS,2,Percent,2007,0.028385501339230908,0.030678819097717913,0.02670800444665328
1,All Population,1,Deaths,1,Global,3,Both,22,All ages,322,Influenza,1,Number,2007,2447208.9227451393,2713134.280531221,2184052.1709204144
1,All Population,1,Deaths,1,Global,3,Both,22,All ages,322,Influenza,2,Percent,2007,0.04777703653819691,0.05291305016767044,0.04283085665468541
1,All Population,1,Deaths,1,Global,3,Both,22,All ages,341,Measles,1,Number,2007,335270.2164474381,586247.9115108493,152195.3271291601
1,All Population,1,Deaths,1,Global,3,Both,22,All ages,341,Measles,2,Percent,2007,0.006546200158602264,0.011488612256162538,0.0029842858133760394
1,All Population,1,Deaths,1,Global,3,Both,22,All ages,345,Malaria,1,Number,2006,880615.5262951554,1331281.7809252092,544990.8427296061
1,All Population,1,Deaths,1,Global,3,Both,22,All ages,345,Malaria,2,Percent,2006,0.017272752982282858,0.02610367628341988,0.010680839143818134
1,All Population,1,Deaths,1,Global,3,Both,22,All ages,345,Malaria,1,Number,2007,859675.9640502881,1286761.6781186229,545550.8572509564
1,All Population,1,Deaths,1,Global,3,Both,22,All ages,345,Malaria,2,Percent,2007,0.016783885591492687,0.02514504413342514,0.010682696219732243
1,All Population,1,Deaths,1,Global,3,Both,22,All ages,1048,COVID-19,1,Number,2006,0.0,0.0,0.0
1,All Population,1,Deaths,1,Global,3,Both,22,All ages,1048,COVID-19,2,Percent,2006,0.0,0.0,0.0
1,All Population,1,Deaths,1,Global,3,Both,22,All ages,1048,COVID-19,1,Number,2007,0.0,0.0,0.0
1,All Population,1,Deaths,1,Global,3,Both,22,All ages,1048,COVID-19,2,Percent,2007,0.0,0.0,0.0
1,All Population,1,Deaths,1,Global,3,Both,22,All ages,298,HIV/AIDS,1,Number,2008,1352390.8128543207,1467605.475686406,1266962.6859140755
1,All Population,1,Deaths,1,Global,3,Both,22,All ages,298,HIV/AIDS,2,Percent,2008,0.02617683595199253,0.028413522707250945,0.024495659725677986
1,All Population,1,Deaths,1,Global,3,Both,22,All ages,322,Influenza,1,Number,2008,2450975.4387753066,2698926.878090433,2185738.879302124
1,All Population,1,Deaths,1,Global,3,Both,22,All ages,322,Influenza,2,Percent,2008,0.04744038309214186,0.052198017119649776,0.042402357802141646
1,All Population,1,Deaths,1,Global,3,Both,22,All ages,341,Measles,1,Number,2008,308397.1450802124,548835.1433628789,138193.23656852898
1,All Population,1,Deaths,1,Global,3,Both,22,All ages,341,Measles,2,Percent,2008,0.005969535387892273,0.010648724078306086,0.0026785318351072902
1,All Population,1,Deaths,1,Global,3,Both,22,All ages,345,Malaria,1,Number,2008,848547.1991775426,1270100.7141588163,532262.7992246911
1,All Population,1,Deaths,1,Global,3,Both,22,All ages,345,Malaria,2,Percent,2008,0.016425041160641692,0.024605067662419936,0.010328441372380835
1,All Population,1,Deaths,1,Global,3,Both,22,All ages,1048,COVID-19,1,Number,2008,0.0,0.0,0.0
1,All Population,1,Deaths,1,Global,3,Both,22,All ages,1048,COVID-19,2,Percent,2008,0.0,0.0,0.0
1,All Population,1,Deaths,1,Global,3,Both,22,All ages,357,Dengue,1,Number,2005,26707.144291977285,54728.210478356144,12848.765727449056
1,All Population,1,Deaths,1,Global,3,Both,22,All ages,357,Dengue,2,Percent,2005,0.0005222994016735912,0.0010721752509059812,0.00025111901157756893
1,All Population,1,Deaths,1,Global,3,Both,22,All ages,843,Ebola,1,Number,2005,19.999311895606898,23.52968223184574,16.43188544419957
1,All Population,1,Deaths,1,Global,3,Both,22,All ages,843,Ebola,2,Percent,2005,3.911264402828521e-07,4.6198249850954545e-07,3.210946618143809e-07
1,All Population,1,Deaths,1,Global,3,Both,22,All ages,357,Dengue,1,Number,2004,26881.76169867447,60502.22791164066,12260.044513440973
1,All Population,1,Deaths,1,Global,3,Both,22,All ages,357,Dengue,2,Percent,2004,0.000524787616424152,0.001187633124386328,0.0002386764032499917
1,All Population,1,Deaths,1,Global,3,Both,22,All ages,357,Dengue,1,Number,2003,25291.16486267513,60362.57373911152,10581.962854305812
1,All Population,1,Deaths,1,Global,3,Both,22,All ages,357,Dengue,2,Percent,2003,0.0004921995342278912,0.0011780111097076597,0.0002071083550026862
1,All Population,1,Deaths,1,Global,3,Both,22,All ages,843,Ebola,1,Number,2004,14.010776738963186,16.484023360901507,11.511569976038551
1,All Population,1,Deaths,1,Global,3,Both,22,All ages,843,Ebola,2,Percent,2004,2.7351053101052516e-07,3.2217102941867706e-07,2.2491067375542154e-07
1,All Population,1,Deaths,1,Global,3,Both,22,All ages,843,Ebola,1,Number,2003,262.2960600817056,308.59776459325815,215.5083551986718
1,All Population,1,Deaths,1,Global,3,Both,22,All ages,843,Ebola,2,Percent,2003,5.104203685050482e-06,5.991617639495486e-06,4.204191494267855e-06
1,All Population,1,Deaths,1,Global,3,Both,22,All ages,298,HIV/AIDS,1,Number,2009,1267594.283216082,1375716.6595197672,1187184.759871645
1,All Population,1,Deaths,1,Global,3,Both,22,All ages,298,HIV/AIDS,2,Percent,2009,0.0246903244353945,0.026804759775253675,0.02310791774129933
1,All Population,1,Deaths,1,Global,3,Both,22,All ages,322,Influenza,1,Number,2009,2438724.94811726,2692779.813531851,2174774.9733677753
1,All Population,1,Deaths,1,Global,3,Both,22,All ages,322,Influenza,2,Percent,2009,0.04750104853286269,0.05238486010095581,0.04228647229182796
1,All Population,1,Deaths,1,Global,3,Both,22,All ages,341,Measles,1,Number,2009,292046.19853180385,516063.4119505356,131609.5582603229
1,All Population,1,Deaths,1,Global,3,Both,22,All ages,341,Measles,2,Percent,2009,0.005688513889952679,0.010062230301937218,0.002560749540668812
1,All Population,1,Deaths,1,Global,3,Both,22,All ages,345,Malaria,1,Number,2009,839703.6523634414,1266968.3771114554,517353.13336832944
1,All Population,1,Deaths,1,Global,3,Both,22,All ages,345,Malaria,2,Percent,2009,0.01635569877600128,0.024637875941494,0.010093479504382573
1,All Population,1,Deaths,1,Global,3,Both,22,All ages,298,HIV/AIDS,1,Number,2010,1201789.261910038,1302318.1690278617,1120871.0226828775
1,All Population,1,Deaths,1,Global,3,Both,22,All ages,298,HIV/AIDS,2,Percent,2010,0.023178395368359167,0.025057425510957573,0.02161027094756193
1,All Population,1,Deaths,1,Global,3,Both,22,All ages,322,Influenza,1,Number,2010,2436005.957804618,2699894.7470198595,2160092.762323448
1,All Population,1,Deaths,1,Global,3,Both,22,All ages,322,Influenza,2,Percent,2010,0.04698187354064687,0.051976914091263066,0.041752195915463995
1,All Population,1,Deaths,1,Global,3,Both,22,All ages,341,Measles,1,Number,2010,285205.7841100103,509296.16667195724,127246.66410841291
1,All Population,1,Deaths,1,Global,3,Both,22,All ages,341,Measles,2,Percent,2010,0.005501107278688961,0.00983203367442008,0.0024475656248815823
1,All Population,1,Deaths,1,Global,3,Both,22,All ages,1048,COVID-19,1,Number,2009,0.0,0.0,0.0
1,All Population,1,Deaths,1,Global,3,Both,22,All ages,1048,COVID-19,2,Percent,2009,0.0,0.0,0.0
1,All Population,1,Deaths,1,Global,3,Both,22,All ages,345,Malaria,1,Number,2010,827682.8912287569,1283992.2052758925,474639.4685904208
1,All Population,1,Deaths,1,Global,3,Both,22,All ages,345,Malaria,2,Percent,2010,0.015963189978393563,0.024715573970028142,0.009088954549551099
1,All Population,1,Deaths,1,Global,3,Both,22,All ages,1048,COVID-19,1,Number,2010,0.0,0.0,0.0
1,All Population,1,Deaths,1,Global,3,Both,22,All ages,1048,COVID-19,2,Percent,2010,0.0,0.0,0.0
1,All Population,1,Deaths,1,Global,3,Both,22,All ages,357,Dengue,1,Number,2006,28293.317948049375,53862.75795011362,13814.89238036058
1,All Population,1,Deaths,1,Global,3,Both,22,All ages,357,Dengue,2,Percent,2006,0.000554995924679007,0.0010593129994119347,0.00027037489963017237
1,All Population,1,Deaths,1,Global,3,Both,22,All ages,298,HIV/AIDS,1,Number,2011,1142262.6670050381,1236932.810829449,1062142.563884019
1,All Population,1,Deaths,1,Global,3,Both,22,All ages,298,HIV/AIDS,2,Percent,2011,0.022055063387701194,0.023866823163021463,0.02043291547247602
1,All Population,1,Deaths,1,Global,3,Both,22,All ages,322,Influenza,1,Number,2011,2443402.95868834,2719352.27329645,2171059.7921169554
1,All Population,1,Deaths,1,Global,3,Both,22,All ages,322,Influenza,2,Percent,2011,0.047176725037783925,0.05244189016504125,0.04184514035501505
1,All Population,1,Deaths,1,Global,3,Both,22,All ages,341,Measles,1,Number,2011,282734.10769084765,501592.25204432977,124527.91060458162
1,All Population,1,Deaths,1,Global,3,Both,22,All ages,341,Measles,2,Percent,2011,0.005459509806355362,0.009680327781946382,0.0023976845747610428
1,All Population,1,Deaths,1,Global,3,Both,22,All ages,843,Ebola,1,Number,2006,0.0,0.0,0.0
1,All Population,1,Deaths,1,Global,3,Both,22,All ages,843,Ebola,2,Percent,2006,0.0,0.0,0.0
1,All Population,1,Deaths,1,Global,3,Both,22,All ages,357,Dengue,1,Number,2007,30576.52873106328,56221.688110193645,15109.475936339695
1,All Population,1,Deaths,1,Global,3,Both,22,All ages,357,Dengue,2,Percent,2007,0.0005969754865492766,0.0010965840170599189,0.00029566814229575966
1,All Population,1,Deaths,1,Global,3,Both,22,All ages,345,Malaria,1,Number,2011,776271.9554406067,1218632.5875372514,431599.17850348237
1,All Population,1,Deaths,1,Global,3,Both,22,All ages,345,Malaria,2,Percent,2011,0.01498928530134228,0.023434814396431254,0.008332715899478892
1,All Population,1,Deaths,1,Global,3,Both,22,All ages,1048,COVID-19,1,Number,2011,0.0,0.0,0.0
1,All Population,1,Deaths,1,Global,3,Both,22,All ages,1048,COVID-19,2,Percent,2011,0.0,0.0,0.0
1,All Population,1,Deaths,1,Global,3,Both,22,All ages,843,Ebola,1,Number,2007,452.0467282813421,531.8440917330728,371.4117812311264
1,All Population,1,Deaths,1,Global,3,Both,22,All ages,843,Ebola,2,Percent,2007,8.82549866261603e-06,1.0397676812344632e-05,7.260950646136566e-06
1,All Population,1,Deaths,1,Global,3,Both,22,All ages,357,Dengue,1,Number,2008,31671.326286773947,56663.0337322004,16513.44727830129
1,All Population,1,Deaths,1,Global,3,Both,22,All ages,357,Dengue,2,Percent,2008,0.0006130341220897292,0.0010966260883509553,0.0003203275488218089
1,All Population,1,Deaths,1,Global,3,Both,22,All ages,843,Ebola,1,Number,2008,27.99903665384968,32.941555124584035,23.004639621879395
1,All Population,1,Deaths,1,Global,3,Both,22,All ages,843,Ebola,2,Percent,2008,5.419776356477455e-07,6.378087811151122e-07,4.4593287403038897e-07
1,All Population,1,Deaths,1,Global,3,Both,22,All ages,357,Dengue,1,Number,2009,34569.28870654417,65815.39346645317,18398.52136903334
1,All Population,1,Deaths,1,Global,3,Both,22,All ages,357,Dengue,2,Percent,2009,0.0006733214956522095,0.001285179045057014,0.00035859334246494577
1,All Population,1,Deaths,1,Global,3,Both,22,All ages,357,Dengue,1,Number,2010,37457.35364991247,68717.43957178175,20031.655299088503
1,All Population,1,Deaths,1,Global,3,Both,22,All ages,357,Dengue,2,Percent,2010,0.0007224019893731623,0.001325004858534786,0.00038545143973812556
1,All Population,1,Deaths,1,Global,3,Both,22,All ages,843,Ebola,1,Number,2009,0.0,0.0,0.0
1,All Population,1,Deaths,1,Global,3,Both,22,All ages,843,Ebola,2,Percent,2009,0.0,0.0,0.0
1,All Population,1,Deaths,1,Global,3,Both,22,All ages,843,Ebola,1,Number,2010,0.0,0.0,0.0
1,All Population,1,Deaths,1,Global,3,Both,22,All ages,843,Ebola,2,Percent,2010,0.0,0.0,0.0
1,All Population,1,Deaths,1,Global,3,Both,22,All ages,357,Dengue,1,Number,2011,38728.013295502264,68182.69040356547,22006.68497725189
1,All Population,1,Deaths,1,Global,3,Both,22,All ages,357,Dengue,2,Percent,2011,0.0007477770833558448,0.0013158012185181761,0.0004252604541219395
1,All Population,1,Deaths,1,Global,3,Both,22,All ages,843,Ebola,1,Number,2011,2.001510894927892,2.354826785394323,1.6444864659567031
1,All Population,1,Deaths,1,Global,3,Both,22,All ages,843,Ebola,2,Percent,2011,3.864559666508981e-08,4.5388415897855506e-08,3.192547874886677e-08
1,All Population,1,Deaths,1,Global,3,Both,22,All ages,298,HIV/AIDS,1,Number,2012,1086766.8081704995,1181981.7746321885,1003050.2844531464
1,All Population,1,Deaths,1,Global,3,Both,22,All ages,298,HIV/AIDS,2,Percent,2012,0.020882926845087735,0.02273575469416399,0.019236085516194767
1,All Population,1,Deaths,1,Global,3,Both,22,All ages,322,Influenza,1,Number,2012,2459915.520884793,2755852.4655679483,2183250.758600471
1,All Population,1,Deaths,1,Global,3,Both,22,All ages,322,Influenza,2,Percent,2012,0.047268822191226856,0.05280796835505079,0.041979015021520405
1,All Population,1,Deaths,1,Global,3,Both,22,All ages,341,Measles,1,Number,2012,258756.35521351133,466430.47669018025,111768.22470106876
1,All Population,1,Deaths,1,Global,3,Both,22,All ages,341,Measles,2,Percent,2012,0.004972399430896921,0.008944182159377161,0.002134665467794888
1,All Population,1,Deaths,1,Global,3,Both,22,All ages,345,Malaria,1,Number,2012,745559.557152778,1195257.0005883414,378985.62049369956
1,All Population,1,Deaths,1,Global,3,Both,22,All ages,345,Malaria,2,Percent,2012,0.014327795818422409,0.022927860617412435,0.007280556698551365
1,All Population,1,Deaths,1,Global,3,Both,22,All ages,357,Dengue,1,Number,2012,40796.101285717006,69644.24278150081,22348.092656917237
1,All Population,1,Deaths,1,Global,3,Both,22,All ages,357,Dengue,2,Percent,2012,0.0007839561764589783,0.0013396428115760503,0.0004286631695545142
1,All Population,1,Deaths,1,Global,3,Both,22,All ages,843,Ebola,1,Number,2012,67.98453530908412,79.98547754304636,55.85762660271317
1,All Population,1,Deaths,1,Global,3,Both,22,All ages,843,Ebola,2,Percent,2012,1.3063598962948427e-06,1.5343621912871171e-06,1.0754650105468913e-06
1,All Population,1,Deaths,1,Global,3,Both,22,All ages,1048,COVID-19,1,Number,2012,0.0,0.0,0.0
1,All Population,1,Deaths,1,Global,3,Both,22,All ages,1048,COVID-19,2,Percent,2012,0.0,0.0,0.0
1,All Population,1,Deaths,1,Global,3,Both,22,All ages,357,Dengue,1,Number,2013,44249.316760057605,72487.99050288029,24009.46299263738
1,All Population,1,Deaths,1,Global,3,Both,22,All ages,357,Dengue,2,Percent,2013,0.0008454500629343179,0.00138122879649862,0.0004575688976597515
1,All Population,1,Deaths,1,Global,3,Both,22,All ages,843,Ebola,1,Number,2013,1.9977521676817098,2.3504045503614117,1.6413982109283478
1,All Population,1,Deaths,1,Global,3,Both,22,All ages,843,Ebola,2,Percent,2013,3.816944800874039e-08,4.491010553530411e-08,3.129803162993136e-08
1,All Population,1,Deaths,1,Global,3,Both,22,All ages,298,HIV/AIDS,1,Number,2013,1038268.643343665,1139850.5566448888,955569.8096095789
1,All Population,1,Deaths,1,Global,3,Both,22,All ages,298,HIV/AIDS,2,Percent,2013,0.019837524849158985,0.021721714557209365,0.018285647596226754
1,All Population,1,Deaths,1,Global,3,Both,22,All ages,322,Influenza,1,Number,2013,2488187.30130101,2750399.4788326737,2185690.9820289128
1,All Population,1,Deaths,1,Global,3,Both,22,All ages,322,Influenza,2,Percent,2013,0.047540579891387665,0.052458523598845355,0.041911083698725926
1,All Population,1,Deaths,1,Global,3,Both,22,All ages,341,Measles,1,Number,2013,222577.37470570387,403838.84781661327,95412.41368852255
1,All Population,1,Deaths,1,Global,3,Both,22,All ages,341,Measles,2,Percent,2013,0.004252848817470677,0.00770094944118836,0.0018158313297834052
1,All Population,1,Deaths,1,Global,3,Both,22,All ages,345,Malaria,1,Number,2013,704351.9204170151,1146391.5229047907,341715.2876737853
1,All Population,1,Deaths,1,Global,3,Both,22,All ages,345,Malaria,2,Percent,2013,0.01345775074828186,0.02191884201385871,0.006508826919835659
1,All Population,1,Deaths,1,Global,3,Both,22,All ages,298,HIV/AIDS,1,Number,2014,1002516.3135568374,1112185.6877855603,922316.456637275
1,All Population,1,Deaths,1,Global,3,Both,22,All ages,298,HIV/AIDS,2,Percent,2014,0.0190010415633564,0.021067152278029664,0.017431949115284406
1,All Population,1,Deaths,1,Global,3,Both,22,All ages,322,Influenza,1,Number,2014,2506729.670377579,2761310.6099243998,2218288.9965591715
1,All Population,1,Deaths,1,Global,3,Both,22,All ages,322,Influenza,2,Percent,2014,0.047510467460673986,0.05214422850854024,0.04207871302657659
1,All Population,1,Deaths,1,Global,3,Both,22,All ages,341,Measles,1,Number,2014,197350.39762740285,365741.25314555096,83062.59045159427
1,All Population,1,Deaths,1,Global,3,Both,22,All ages,341,Measles,2,Percent,2014,0.0037409909260530966,0.006941284485453359,0.001572071145412896
1,All Population,1,Deaths,1,Global,3,Both,22,All ages,1048,COVID-19,1,Number,2013,0.0,0.0,0.0
1,All Population,1,Deaths,1,Global,3,Both,22,All ages,1048,COVID-19,2,Percent,2013,0.0,0.0,0.0
1,All Population,1,Deaths,1,Global,3,Both,22,All ages,345,Malaria,1,Number,2014,688149.2956952087,1164749.271345586,331106.8893599654
1,All Population,1,Deaths,1,Global,3,Both,22,All ages,345,Malaria,2,Percent,2014,0.013043171750923099,0.021997555122162477,0.00626093100674508
1,All Population,1,Deaths,1,Global,3,Both,22,All ages,1048,COVID-19,1,Number,2014,0.0,0.0,0.0
1,All Population,1,Deaths,1,Global,3,Both,22,All ages,1048,COVID-19,2,Percent,2014,0.0,0.0,0.0
1,All Population,1,Deaths,1,Global,3,Both,22,All ages,298,HIV/AIDS,1,Number,2015,976809.9593936711,1094555.6864298359,891858.0417961017
1,All Population,1,Deaths,1,Global,3,Both,22,All ages,298,HIV/AIDS,2,Percent,2015,0.018165412910327607,0.02032866086372774,0.016588124593203586
1,All Population,1,Deaths,1,Global,3,Both,22,All ages,322,Influenza,1,Number,2015,2550356.9984343196,2813512.7578693596,2282301.3591353777
1,All Population,1,Deaths,1,Global,3,Both,22,All ages,322,Influenza,2,Percent,2015,0.04742757209335377,0.05227389150170985,0.04246395618198667
1,All Population,1,Deaths,1,Global,3,Both,22,All ages,341,Measles,1,Number,2015,172578.0180235667,316248.68955439964,73913.80055645466
1,All Population,1,Deaths,1,Global,3,Both,22,All ages,341,Measles,2,Percent,2015,0.0032097838340714646,0.0059019354991541335,0.0013699400432369787
1,All Population,1,Deaths,1,Global,3,Both,22,All ages,345,Malaria,1,Number,2015,677996.667288347,1176807.9891239107,316229.25599399954
1,All Population,1,Deaths,1,Global,3,Both,22,All ages,345,Malaria,2,Percent,2015,0.012609038308472369,0.021938694855245158,0.005869178156150014
1,All Population,1,Deaths,1,Global,3,Both,22,All ages,1048,COVID-19,1,Number,2015,0.0,0.0,0.0
1,All Population,1,Deaths,1,Global,3,Both,22,All ages,1048,COVID-19,2,Percent,2015,0.0,0.0,0.0
1,All Population,1,Deaths,1,Global,3,Both,22,All ages,357,Dengue,1,Number,2014,47187.11212110894,77111.74118188272,26784.206158702655
1,All Population,1,Deaths,1,Global,3,Both,22,All ages,357,Dengue,2,Percent,2014,0.000894369739045164,0.0014635854198228504,0.0005091084447088336
1,All Population,1,Deaths,1,Global,3,Both,22,All ages,843,Ebola,1,Number,2014,15861.958092035398,18659.263511560333,13037.876285601433
1,All Population,1,Deaths,1,Global,3,Both,22,All ages,843,Ebola,2,Percent,2014,0.00030063977844054196,0.00035423371855106107,0.00024647577795844074
1,All Population,1,Deaths,1,Global,3,Both,22,All ages,357,Dengue,1,Number,2015,49116.83859484783,81127.12415109148,28370.465046883295
1,All Population,1,Deaths,1,Global,3,Both,22,All ages,357,Dengue,2,Percent,2015,0.0009134186900889512,0.0015115651314502687,0.0005270255078124632
1,All Population,1,Deaths,1,Global,3,Both,22,All ages,843,Ebola,1,Number,2015,6809.010798545438,8010.968639284699,5594.436749326027
1,All Population,1,Deaths,1,Global,3,Both,22,All ages,843,Ebola,2,Percent,2015,0.0001266250418583795,0.00014960258388984303,0.00010370917945746814
1,All Population,1,Deaths,1,Global,3,Both,22,All ages,298,HIV/AIDS,1,Number,2017,940987.5973476722,1062416.0110188804,846155.0897081118
1,All Population,1,Deaths,1,Global,3,Both,22,All ages,298,HIV/AIDS,2,Percent,2017,0.01698808447728609,0.019120124021646635,0.01532021031998419
1,All Population,1,Deaths,1,Global,3,Both,22,All ages,322,Influenza,1,Number,2017,2577378.074517298,2837344.427843471,2313625.9811153817
1,All Population,1,Deaths,1,Global,3,Both,22,All ages,322,Influenza,2,Percent,2017,0.04653129505817199,0.05121966085766299,0.04173261627776672
1,All Population,1,Deaths,1,Global,3,Both,22,All ages,341,Measles,1,Number,2017,141133.12296651708,253685.65710518506,59433.37974808344
1,All Population,1,Deaths,1,Global,3,Both,22,All ages,341,Measles,2,Percent,2017,0.0025479358289840523,0.004575734106505434,0.0010681275979681098
1,All Population,1,Deaths,1,Global,3,Both,22,All ages,345,Malaria,1,Number,2017,636896.7318086727,1171211.470839742,262639.9618584759
1,All Population,1,Deaths,1,Global,3,Both,22,All ages,345,Malaria,2,Percent,2017,0.011498028719978508,0.021187371526464938,0.004753241171725316
1,All Population,1,Deaths,1,Global,3,Both,22,All ages,298,HIV/AIDS,1,Number,2016,962242.6642594623,1079020.7082493326,869747.1528009966
1,All Population,1,Deaths,1,Global,3,Both,22,All ages,298,HIV/AIDS,2,Percent,2016,0.017617150440014696,0.019711567465842128,0.01594554086955379
1,All Population,1,Deaths,1,Global,3,Both,22,All ages,322,Influenza,1,Number,2016,2563227.1076641898,2829641.399444923,2293865.760176494
1,All Population,1,Deaths,1,Global,3,Both,22,All ages,322,Influenza,2,Percent,2016,0.046928579411480084,0.05170918617760048,0.042071764097038084
1,All Population,1,Deaths,1,Global,3,Both,22,All ages,341,Measles,1,Number,2016,151117.65919617531,276706.1152268129,63088.66584018672
1,All Population,1,Deaths,1,Global,3,Both,22,All ages,341,Measles,2,Percent,2016,0.0027668766099064493,0.005072946414060402,0.0011491400628512339
1,All Population,1,Deaths,1,Global,3,Both,22,All ages,345,Malaria,1,Number,2016,651343.5578681738,1186113.4585493314,280588.75781954266
1,All Population,1,Deaths,1,Global,3,Both,22,All ages,345,Malaria,2,Percent,2016,0.011926065751630932,0.0217592797466459,0.0051274526680599045
1,All Population,1,Deaths,1,Global,3,Both,22,All ages,1048,COVID-19,1,Number,2017,0.0,0.0,0.0
1,All Population,1,Deaths,1,Global,3,Both,22,All ages,1048,COVID-19,2,Percent,2017,0.0,0.0,0.0
1,All Population,1,Deaths,1,Global,3,Both,22,All ages,1048,COVID-19,1,Number,2016,0.0,0.0,0.0
1,All Population,1,Deaths,1,Global,3,Both,22,All ages,1048,COVID-19,2,Percent,2016,0.0,0.0,0.0
1,All Population,1,Deaths,1,Global,3,Both,22,All ages,357,Dengue,1,Number,2017,52705.6371133077,85859.46811366205,31094.597915280196
1,All Population,1,Deaths,1,Global,3,Both,22,All ages,357,Dengue,2,Percent,2017,0.0009514872911318629,0.001549924376073655,0.0005620738929153889
1,All Population,1,Deaths,1,Global,3,Both,22,All ages,357,Dengue,1,Number,2016,50077.359821371596,83971.543782494,29271.995141801628
1,All Population,1,Deaths,1,Global,3,Both,22,All ages,357,Dengue,2,Percent,2016,0.0009168046728112382,0.0015338991982277094,0.0005341917017973528
1,All Population,1,Deaths,1,Global,3,Both,22,All ages,843,Ebola,1,Number,2017,7.988425711974062,9.398579286957593,6.563470626581405
1,All Population,1,Deaths,1,Global,3,Both,22,All ages,843,Ebola,2,Percent,2017,1.4422460386198819e-07,1.7002296342059322e-07,1.1797474287727349e-07
1,All Population,1,Deaths,1,Global,3,Both,22,All ages,298,HIV/AIDS,1,Number,2018,923239.6425181822,1043546.8911808123,828374.0291830001
1,All Population,1,Deaths,1,Global,3,Both,22,All ages,298,HIV/AIDS,2,Percent,2018,0.016648744265369518,0.01879655792342046,0.014956614422756807
1,All Population,1,Deaths,1,Global,3,Both,22,All ages,322,Influenza,1,Number,2018,2576526.747489895,2854673.5077926717,2328374.052796644
1,All Population,1,Deaths,1,Global,3,Both,22,All ages,322,Influenza,2,Percent,2018,0.04646349079372757,0.05150550582036452,0.04196420343677618
1,All Population,1,Deaths,1,Global,3,Both,22,All ages,341,Measles,1,Number,2018,134440.17497197713,244354.631260075,56228.260539784846
1,All Population,1,Deaths,1,Global,3,Both,22,All ages,341,Measles,2,Percent,2018,0.002424161858608012,0.004402813388845103,0.001015831619131539
1,All Population,1,Deaths,1,Global,3,Both,22,All ages,843,Ebola,1,Number,2016,19.961913067447643,23.485681590872463,16.40115772400258
1,All Population,1,Deaths,1,Global,3,Both,22,All ages,843,Ebola,2,Percent,2016,3.6548016068899424e-07,4.3104032045938326e-07,2.990015523867402e-07
1,All Population,1,Deaths,1,Global,3,Both,22,All ages,345,Malaria,1,Number,2018,644747.431226871,1165038.3339841196,277248.86998354475
1,All Population,1,Deaths,1,Global,3,Both,22,All ages,345,Malaria,2,Percent,2018,0.011626294106147734,0.021026506409742105,0.005027338826258586
1,All Population,1,Deaths,1,Global,3,Both,22,All ages,298,HIV/AIDS,1,Number,2019,912196.3067310057,1030182.3067299516,818575.3894619102
1,All Population,1,Deaths,1,Global,3,Both,22,All ages,298,HIV/AIDS,2,Percent,2019,0.01653741677022062,0.018664455722835385,0.014815734341467367
1,All Population,1,Deaths,1,Global,3,Both,22,All ages,322,Influenza,1,Number,2019,2549791.4006279153,2837069.986292189,2316895.635934568
1,All Population,1,Deaths,1,Global,3,Both,22,All ages,322,Influenza,2,Percent,2019,0.04622573711487528,0.05148021966619444,0.04185095733792235
1,All Population,1,Deaths,1,Global,3,Both,22,All ages,341,Measles,1,Number,2019,126653.29229240913,225208.7299628849,55142.89103260571
1,All Population,1,Deaths,1,Global,3,Both,22,All ages,341,Measles,2,Percent,2019,0.002296053370115438,0.004082385356503597,0.0009981936472496418
1,All Population,1,Deaths,1,Global,3,Both,22,All ages,298,HIV/AIDS,1,Number,2020,881019.0728978269,999739.0146994883,784965.3477066703
1,All Population,1,Deaths,1,Global,3,Both,22,All ages,298,HIV/AIDS,2,Percent,2020,0.014647273555654039,0.016672215264847412,0.01306613244212369
1,All Population,1,Deaths,1,Global,3,Both,22,All ages,322,Influenza,1,Number,2020,2214586.490139366,2512381.8461652542,1971694.79492917
1,All Population,1,Deaths,1,Global,3,Both,22,All ages,322,Influenza,2,Percent,2020,0.036818213994737184,0.04171317387224685,0.0328125186034716
1,All Population,1,Deaths,1,Global,3,Both,22,All ages,341,Measles,1,Number,2020,73288.76752241305,144426.5461097289,28299.087117338986
1,All Population,1,Deaths,1,Global,3,Both,22,All ages,341,Measles,2,Percent,2020,0.0012184594470803745,0.0024040236816435887,0.00047036213961127804
1,All Population,1,Deaths,1,Global,3,Both,22,All ages,1048,COVID-19,1,Number,2018,0.0,0.0,0.0
1,All Population,1,Deaths,1,Global,3,Both,22,All ages,1048,COVID-19,2,Percent,2018,0.0,0.0,0.0
1,All Population,1,Deaths,1,Global,3,Both,22,All ages,345,Malaria,1,Number,2020,714345.5851000414,1256080.694647376,308833.3016112983
1,All Population,1,Deaths,1,Global,3,Both,22,All ages,345,Malaria,2,Percent,2020,0.01187532550156718,0.02082998165132507,0.005146001275311553
1,All Population,1,Deaths,1,Global,3,Both,22,All ages,345,Malaria,1,Number,2019,649454.6256280658,1131789.478115805,294196.30046514707
1,All Population,1,Deaths,1,Global,3,Both,22,All ages,345,Malaria,2,Percent,2019,0.011773459108497968,0.020491253881981867,0.005327850465729874
1,All Population,1,Deaths,1,Global,3,Both,22,All ages,1048,COVID-19,1,Number,2020,5465441.778230116,5650239.992728876,5221541.121712273
1,All Population,1,Deaths,1,Global,3,Both,22,All ages,1048,COVID-19,2,Percent,2020,0.09086431941106275,0.0940402266373674,0.08676471682104006
1,All Population,1,Deaths,1,Global,3,Both,22,All ages,1048,COVID-19,1,Number,2019,0.0,0.0,0.0
1,All Population,1,Deaths,1,Global,3,Both,22,All ages,1048,COVID-19,2,Percent,2019,0.0,0.0,0.0
1,All Population,1,Deaths,1,Global,3,Both,22,All ages,357,Dengue,1,Number,2018,51009.248417661634,88640.89203609918,29801.815876632278
1,All Population,1,Deaths,1,Global,3,Both,22,All ages,357,Dengue,2,Percent,2018,0.0009198585589230455,0.0016086481841860287,0.000537284792626728
1,All Population,1,Deaths,1,Global,3,Both,22,All ages,843,Ebola,1,Number,2018,776.5081230729335,913.5809012692349,637.9965766536017
1,All Population,1,Deaths,1,Global,3,Both,22,All ages,843,Ebola,2,Percent,2018,1.4003184789880293e-05,1.650558182175037e-05,1.149757277820784e-05
1,All Population,1,Deaths,1,Global,3,Both,22,All ages,357,Dengue,1,Number,2019,51935.42834720119,94795.71170547252,30390.137064611903
1,All Population,1,Deaths,1,Global,3,Both,22,All ages,357,Dengue,2,Percent,2019,0.0009415352525724065,0.0017144421544845118,0.0005521540632809684
1,All Population,1,Deaths,1,Global,3,Both,22,All ages,843,Ebola,1,Number,2019,3738.832884171085,4398.828826798057,3071.9093721019835
1,All Population,1,Deaths,1,Global,3,Both,22,All ages,843,Ebola,2,Percent,2019,6.778380864247824e-05,7.975069416196128e-05,5.560281053400727e-05
1,All Population,1,Deaths,1,Global,3,Both,22,All ages,357,Dengue,1,Number,2020,50559.34903070249,101299.1646096918,28229.606620266135
1,All Population,1,Deaths,1,Global,3,Both,22,All ages,357,Dengue,2,Percent,2020,0.0008405137688236787,0.001681839340353112,0.000469689379133646
1,All Population,1,Deaths,1,Global,3,Both,22,All ages,843,Ebola,1,Number,2020,229.5589566925124,270.0817574446324,188.61081314952224
1,All Population,1,Deaths,1,Global,3,Both,22,All ages,843,Ebola,2,Percent,2020,3.816469733596582e-06,4.493835647370778e-06,3.1322174392456142e-06
1,All Population,1,Deaths,1,Global,3,Both,22,All ages,357,Dengue,1,Number,2021,51225.40356652996,99358.608358602,27605.23963114026
1,All Population,1,Deaths,1,Global,3,Both,22,All ages,357,Dengue,2,Percent,2021,0.0007768487365072471,0.00150400324015592,0.0004204498664415839
1,All Population,1,Deaths,1,Global,3,Both,22,All ages,843,Ebola,1,Number,2021,53.89672482289599,63.410822084260985,44.28276396358975
1,All Population,1,Deaths,1,Global,3,Both,22,All ages,843,Ebola,2,Percent,2021,8.17465833383158e-07,9.64379815355596e-07,6.715075971044188e-07
1,All Population,1,Deaths,1,Global,3,Both,22,All ages,298,HIV/AIDS,1,Number,2022,847278.4070137341,968602.1062530949,751039.1459209673
1,All Population,1,Deaths,1,Global,3,Both,22,All ages,298,HIV/AIDS,2,Percent,2022,0.013940829726686869,0.01585770349457298,0.012292996431218988
1,All Population,1,Deaths,1,Global,3,Both,22,All ages,322,Influenza,1,Number,2022,2356388.4219248854,2640443.9707725924,2118888.7360774647
1,All Population,1,Deaths,1,Global,3,Both,22,All ages,322,Influenza,2,Percent,2022,0.038771976823826375,0.043456768268236204,0.03491010586610261
1,All Population,1,Deaths,1,Global,3,Both,22,All ages,341,Measles,1,Number,2022,141283.4810870156,249284.66314635842,58246.55128811797
1,All Population,1,Deaths,1,Global,3,Both,22,All ages,341,Measles,2,Percent,2022,0.0023247209665267577,0.004030978612639449,0.0009525972501316446
1,All Population,1,Deaths,1,Global,3,Both,22,All ages,298,HIV/AIDS,1,Number,2021,850951.7229626729,980135.5903570125,747141.9693172483
1,All Population,1,Deaths,1,Global,3,Both,22,All ages,298,HIV/AIDS,2,Percent,2021,0.012906426975753572,0.014842693303332809,0.011306420089485686
1,All Population,1,Deaths,1,Global,3,Both,22,All ages,322,Influenza,1,Number,2021,2115915.6770623727,2420365.428915654,1868799.718996023
1,All Population,1,Deaths,1,Global,3,Both,22,All ages,322,Influenza,2,Percent,2021,0.032092427088031075,0.036686596336633126,0.028330750200470593
1,All Population,1,Deaths,1,Global,3,Both,22,All ages,341,Measles,1,Number,2021,71258.78777676813,141750.77182132463,29106.2909904423
1,All Population,1,Deaths,1,Global,3,Both,22,All ages,341,Measles,2,Percent,2021,0.0010807335945143414,0.0021507120047116746,0.0004428726666273758
1,All Population,1,Deaths,1,Global,3,Both,22,All ages,345,Malaria,1,Number,2022,698349.7183482882,1266752.709421472,276794.5989559774
1,All Population,1,Deaths,1,Global,3,Both,22,All ages,345,Malaria,2,Percent,2022,0.011490813170993626,0.020839774980179738,0.004565729740803723
1,All Population,1,Deaths,1,Global,3,Both,22,All ages,345,Malaria,1,Number,2021,706701.7358505283,1259915.481816326,299723.65524127614
1,All Population,1,Deaths,1,Global,3,Both,22,All ages,345,Malaria,2,Percent,2021,0.010719827356945962,0.01907230881751534,0.0045387094100374625
1,All Population,1,Deaths,1,Global,3,Both,22,All ages,1048,COVID-19,1,Number,2021,9416219.960587507,9700525.402790895,9038962.261404054
1,All Population,1,Deaths,1,Global,3,Both,22,All ages,1048,COVID-19,2,Percent,2021,0.14281599561150407,0.14715044304344096,0.13734285962422957
1,All Population,1,Deaths,1,Global,3,Both,22,All ages,1048,COVID-19,1,Number,2022,2357416.4551286595,2465820.1961181643,2185185.3008214133
1,All Population,1,Deaths,1,Global,3,Both,22,All ages,1048,COVID-19,2,Percent,2022,0.038788797345464206,0.040614907221310205,0.0357598385991329
1,All Population,1,Deaths,1,Global,3,Both,22,All ages,345,Malaria,1,Number,2023,669960.052969193,1257918.0033519955,261247.14299786967
1,All Population,1,Deaths,1,Global,3,Both,22,All ages,345,Malaria,2,Percent,2023,0.011162234179267986,0.020791197433582573,0.004321275337206282
1,All Population,1,Deaths,1,Global,3,Both,22,All ages,1048,COVID-19,1,Number,2023,846983.2709974273,909265.924292127,751414.9281251638
1,All Population,1,Deaths,1,Global,3,Both,22,All ages,1048,COVID-19,2,Percent,2023,0.014105014296725494,0.0150646667468148,0.012665678391343773
1,All Population,1,Deaths,1,Global,3,Both,22,All ages,357,Dengue,1,Number,2022,52769.92756926954,107496.351126283,26924.133063079033
1,All Population,1,Deaths,1,Global,3,Both,22,All ages,357,Dengue,2,Percent,2022,0.0008678952564921329,0.0017553242624682368,0.000442686752589028
1,All Population,1,Deaths,1,Global,3,Both,22,All ages,843,Ebola,1,Number,2022,165.80786415491178,195.0770294233528,136.231478550989
1,All Population,1,Deaths,1,Global,3,Both,22,All ages,843,Ebola,2,Percent,2022,2.7282411920692233e-06,3.199664356818848e-06,2.237556616158877e-06
1,All Population,1,Deaths,1,Global,3,Both,22,All ages,843,Ebola,1,Number,2023,0.0,0.0,0.0
1,All Population,1,Deaths,1,Global,3,Both,22,All ages,843,Ebola,2,Percent,2023,0.0,0.0,0.0
1,All Population,1,Deaths,1,Global,3,Both,22,All ages,298,HIV/AIDS,1,Number,2023,833175.0441961188,958763.9123670373,726832.2007201096
1,All Population,1,Deaths,1,Global,3,Both,22,All ages,298,HIV/AIDS,2,Percent,2023,0.013876818879183454,0.015938024381420533,0.012192970624487829
1,All Population,1,Deaths,1,Global,3,Both,22,All ages,322,Influenza,1,Number,2023,2501138.5682733757,2811711.568178583,2240273.9879636248
1,All Population,1,Deaths,1,Global,3,Both,22,All ages,322,Influenza,2,Percent,2023,0.0416564784595853,0.04710264550833078,0.037379108271000806
1,All Population,1,Deaths,1,Global,3,Both,22,All ages,341,Measles,1,Number,2023,143631.71196662227,255222.86381771596,58561.69681764726
1,All Population,1,Deaths,1,Global,3,Both,22,All ages,341,Measles,2,Percent,2023,0.0023920552959358753,0.004278981042571153,0.0009802821200857144
1,All Population,1,Deaths,1,Global,3,Both,22,All ages,357,Dengue,1,Number,2023,52677.80697497037,108884.3221855489,25241.59073038347
1,All Population,1,Deaths,1,Global,3,Both,22,All ages,357,Dengue,2,Percent,2023,0.0008775953648512503,0.0018222631725630892,0.0004210110983621797
